类型,代码,名称,完整代码,市场
港股,00001,长和,00001.HK,HK
港股,00002,中电控股,00002.HK,HK
港股,00003,香港中华煤气,00003.HK,HK
港股,00004,九龙仓集团,00004.HK,HK
港股,00005,汇丰控股,00005.HK,HK
港股,00006,电能实业,00006.HK,HK
港股,00007,智富资源投资,00007.HK,HK
港股,00008,电讯盈科,00008.HK,HK
港股,00010,恒隆集团,00010.HK,HK
港股,00012,恒基地产,00012.HK,HK
港股,00013,和黄医药,00013.HK,HK
港股,00014,希慎兴业,00014.HK,HK
港股,00016,新鸿基地产,00016.HK,HK
港股,00017,新世界发展,00017.HK,HK
港股,00018,东方企控集团,00018.HK,HK
港股,00019,太古股份公司A,00019.HK,HK
港股,00020,商汤-W,00020.HK,HK
港股,00021,大中华控股,00021.HK,HK
港股,00022,茂盛控股,00022.HK,HK
港股,00023,东亚银行,00023.HK,HK
港股,00025,CHEVALIER INT'L,00025.HK,HK
港股,00026,中华汽车,00026.HK,HK
港股,00027,银河娱乐,00027.HK,HK
港股,00028,天安,00028.HK,HK
港股,00029,达力集团,00029.HK,HK
港股,00030,云白国际,00030.HK,HK
港股,00031,航天控股,00031.HK,HK
港股,00032,港通控股,00032.HK,HK
港股,00033,INTL GENIUS,00033.HK,HK
港股,00034,九龙建业,00034.HK,HK
港股,00035,远东发展,00035.HK,HK
港股,00036,远东控股国际,00036.HK,HK
港股,00037,远东酒店实业,00037.HK,HK
港股,00038,第一拖拉机股份,00038.HK,HK
港股,00039,中国北大荒,00039.HK,HK
港股,00040,金山科技工业,00040.HK,HK
港股,00041,鹰君,00041.HK,HK
港股,00042,东北电气,00042.HK,HK
港股,00045,大酒店,00045.HK,HK
港股,00046,科联系统,00046.HK,HK
港股,00048,中国汽车内饰,00048.HK,HK
港股,00050,香港小轮(集团),00050.HK,HK
港股,00051,海港企业,00051.HK,HK
港股,00052,大快活集团,00052.HK,HK
港股,00053,国浩集团,00053.HK,HK
港股,00055,中星集团控股,00055.HK,HK
港股,00057,震雄集团,00057.HK,HK
港股,00058,新威国际,00058.HK,HK
港股,00059,天誉置业,00059.HK,HK
港股,00060,香港食品投资,00060.HK,HK
港股,00061,绿领控股,00061.HK,HK
港股,00062,载通,00062.HK,HK
港股,00063,中亚烯谷集团,00063.HK,HK
港股,00064,结好控股,00064.HK,HK
港股,00065,弘海高新资源,00065.HK,HK
港股,00066,港铁公司,00066.HK,HK
港股,00069,香格里拉(亚洲),00069.HK,HK
港股,00070,金粤控股,00070.HK,HK
港股,00071,美丽华酒店,00071.HK,HK
港股,00072,超媒体控股,00072.HK,HK
港股,00073,亚洲果业,00073.HK,HK
港股,00075,渝太地产,00075.HK,HK
港股,00076,谊砾控股,00076.HK,HK
港股,00077,进智公共交通,00077.HK,HK
港股,00078,REGAL INT'L,00078.HK,HK
港股,00079,世纪建业,00079.HK,HK
港股,00080,CAI控股,00080.HK,HK
港股,00081,中国海外宏洋集团,00081.HK,HK
港股,00082,疯狂体育,00082.HK,HK
港股,00083,信和置业,00083.HK,HK
港股,00084,宝光实业,00084.HK,HK
港股,00085,中电华大科技,00085.HK,HK
港股,00086,新鸿基公司,00086.HK,HK
港股,00087,太古股份公司B,00087.HK,HK
港股,00088,TAI CHEUNG HOLD,00088.HK,HK
港股,00089,大生地产,00089.HK,HK
港股,00090,普星能量,00090.HK,HK
港股,00092,冠军科技集团,00092.HK,HK
港股,00093,零在科技金融,00093.HK,HK
港股,00094,绿心集团,00094.HK,HK
港股,00095,绿景中国地产,00095.HK,HK
港股,00096,YUSEI,00096.HK,HK
港股,00097,恒基发展,00097.HK,HK
港股,00098,兴发铝业,00098.HK,HK
港股,00099,王氏国际,00099.HK,HK
港股,00100,MINIMAX-WP,00100.HK,HK
港股,00101,恒隆地产,00101.HK,HK
港股,00103,首佳科技,00103.HK,HK
港股,00104,ASIA COMM HOLD,00104.HK,HK
港股,00105,凯联国际酒店,00105.HK,HK
港股,00106,朗诗绿色管理,00106.HK,HK
港股,00107,四川成渝高速公路,00107.HK,HK
港股,00108,国锐生活,00108.HK,HK
港股,00110,中国长远,00110.HK,HK
港股,00111,信达国际控股,00111.HK,HK
港股,00113,迪生创建,00113.HK,HK
港股,00114,HERALD HOLD,00114.HK,HK
港股,00115,钧濠集团,00115.HK,HK
港股,00116,周生生,00116.HK,HK
港股,00117,天利控股集团,00117.HK,HK
港股,00118,大同机械,00118.HK,HK
港股,00119,保利置业集团,00119.HK,HK
港股,00120,COSMOPOL INT'L,00120.HK,HK
港股,00122,鳄鱼恤,00122.HK,HK
港股,00123,越秀地产,00123.HK,HK
港股,00124,粤海置地,00124.HK,HK
港股,00125,新兴光学,00125.HK,HK
港股,00126,佳宁娜,00126.HK,HK
港股,00127,华人置业,00127.HK,HK
港股,00128,安宁控股,00128.HK,HK
港股,00129,泛海集团,00129.HK,HK
港股,00130,慕诗国际,00130.HK,HK
港股,00131,卓能(集团),00131.HK,HK
港股,00132,兴业控股,00132.HK,HK
港股,00133,招商局中国基金,00133.HK,HK
港股,00135,昆仑能源,00135.HK,HK
港股,00136,中国儒意,00136.HK,HK
港股,00137,金辉集团,00137.HK,HK
港股,00138,中建富通,00138.HK,HK
港股,00139,小鱼盈通,00139.HK,HK
港股,00142,第一太平,00142.HK,HK
港股,00144,招商局港口,00144.HK,HK
港股,00145,信能低碳,00145.HK,HK
港股,00146,TAI PING CARPET,00146.HK,HK
港股,00147,国际商业结算,00147.HK,HK
港股,00148,建滔集团,00148.HK,HK
港股,00149,中国农产品交易,00149.HK,HK
港股,00150,HYPEBEAST,00150.HK,HK
港股,00151,中国旺旺,00151.HK,HK
港股,00152,深圳国际,00152.HK,HK
港股,00154,北京控股环境集团,00154.HK,HK
港股,00156,力宝华润,00156.HK,HK
港股,00157,自然美,00157.HK,HK
港股,00158,万邦投资,00158.HK,HK
港股,00159,布莱克万矿业,00159.HK,HK
港股,00160,汉国置业,00160.HK,HK
港股,00162,世纪金花,00162.HK,HK
港股,00163,英皇国际,00163.HK,HK
港股,00164,中国宝力科技,00164.HK,HK
港股,00165,中国光大控股,00165.HK,HK
港股,00166,新时代集团控股,00166.HK,HK
港股,00167,IDT INT'L,00167.HK,HK
港股,00168,青岛啤酒股份,00168.HK,HK
港股,00169,万达酒店发展,00169.HK,HK
港股,00171,银建国际,00171.HK,HK
港股,00173,嘉华国际,00173.HK,HK
港股,00174,盛洋投资,00174.HK,HK
港股,00175,吉利汽车,00175.HK,HK
港股,00176,先机企业集团,00176.HK,HK
港股,00177,江苏宁沪高速公路,00177.HK,HK
港股,00178,莎莎国际,00178.HK,HK
港股,00179,德昌电机控股,00179.HK,HK
港股,00180,开达集团,00180.HK,HK
港股,00181,闽港控股,00181.HK,HK
港股,00182,协合新能源,00182.HK,HK
港股,00183,宏辉集团,00183.HK,HK
港股,00184,激成投资,00184.HK,HK
港股,00185,正商实业,00185.HK,HK
港股,00186,敏捷控股,00186.HK,HK
港股,00187,京城机电股份,00187.HK,HK
港股,00188,新华汇富金融,00188.HK,HK
港股,00189,东岳集团,00189.HK,HK
港股,00191,丽新国际,00191.HK,HK
港股,00193,冠中地产,00193.HK,HK
港股,00194,廖创兴企业,00194.HK,HK
港股,00195,绿科科技国际,00195.HK,HK
港股,00196,宏华集团,00196.HK,HK
港股,00197,亨泰,00197.HK,HK
港股,00199,德祥地产,00199.HK,HK
港股,00200,新濠国际发展,00200.HK,HK
港股,00201,华大酒店,00201.HK,HK
港股,00202,润中国际控股,00202.HK,HK
港股,00204,资本界金控,00204.HK,HK
港股,00205,BFB HEALTH,00205.HK,HK
港股,00206,华商能源,00206.HK,HK
港股,00209,瀛晟科学,00209.HK,HK
港股,00210,达芙妮国际,00210.HK,HK
港股,00211,STYLAND HOLD,00211.HK,HK
港股,00212,NANYANG HOLD,00212.HK,HK
港股,00213,NATIONAL ELEC H,00213.HK,HK
港股,00214,汇汉控股,00214.HK,HK
港股,00215,和记电讯香港,00215.HK,HK
港股,00216,建业实业,00216.HK,HK
港股,00217,中国诚通发展集团,00217.HK,HK
港股,00218,申万宏源香港,00218.HK,HK
港股,00219,顺豪物业,00219.HK,HK
港股,00220,统一企业中国,00220.HK,HK
港股,00222,闽信集团,00222.HK,HK
港股,00223,易生活控股,00223.HK,HK
港股,00224,建生国际,00224.HK,HK
港股,00225,博富临置业,00225.HK,HK
港股,00227,第一上海,00227.HK,HK
港股,00228,中能控股,00228.HK,HK
港股,00229,利民实业,00229.HK,HK
港股,00230,五矿地产,00230.HK,HK
港股,00232,大陆航空科技控股,00232.HK,HK
港股,00234,新世纪集团,00234.HK,HK
港股,00235,中策资本控股,00235.HK,HK
港股,00236,香港生力啤,00236.HK,HK
港股,00237,安全货仓,00237.HK,HK
港股,00239,白花油,00239.HK,HK
港股,00240,利基控股,00240.HK,HK
港股,00241,阿里健康,00241.HK,HK
港股,00242,信德集团,00242.HK,HK
港股,00243,QPL INT'L,00243.HK,HK
港股,00244,先施,00244.HK,HK
港股,00245,中薇金融,00245.HK,HK
港股,00247,TST PROPERTIES,00247.HK,HK
港股,00248,香港通讯国际控股,00248.HK,HK
港股,00251,爪哇控股,00251.HK,HK
港股,00252,华信地产财务,00252.HK,HK
港股,00253,顺豪控股,00253.HK,HK
港股,00254,国家联合资源,00254.HK,HK
港股,00255,龙记集团,00255.HK,HK
港股,00256,冠城钟表珠宝,00256.HK,HK
港股,00257,光大环境,00257.HK,HK
港股,00258,汤臣集团,00258.HK,HK
港股,00259,亿都(国际控股),00259.HK,HK
港股,00261,GBA集团,00261.HK,HK
港股,00262,迪臣发展国际,00262.HK,HK
港股,00264,中联发展控股,00264.HK,HK
港股,00265,港誉智慧城市服务,00265.HK,HK
港股,00266,天德地产,00266.HK,HK
港股,00267,中信股份,00267.HK,HK
港股,00268,金蝶国际,00268.HK,HK
港股,00269,中国资源交通,00269.HK,HK
港股,00270,粤海投资,00270.HK,HK
港股,00271,亚证地产,00271.HK,HK
港股,00272,瑞安房地产,00272.HK,HK
港股,00274,复兴亚洲,00274.HK,HK
港股,00276,蒙古能源,00276.HK,HK
港股,00277,太兴置业,00277.HK,HK
港股,00279,裕承科金,00279.HK,HK
港股,00280,景福集团,00280.HK,HK
港股,00285,比亚迪电子,00285.HK,HK
港股,00286,爱帝宫,00286.HK,HK
港股,00287,永发置业,00287.HK,HK
港股,00288,万洲国际,00288.HK,HK
港股,00289,WING ON CO,00289.HK,HK
港股,00290,国富量子,00290.HK,HK
港股,00291,华润啤酒,00291.HK,HK
港股,00293,国泰航空,00293.HK,HK
港股,00294,长江制衣,00294.HK,HK
港股,00295,江山控股,00295.HK,HK
港股,00296,英皇娱乐酒店,00296.HK,HK
港股,00297,中化化肥,00297.HK,HK
港股,00298,庄士中国,00298.HK,HK
港股,00299,宝新置地,00299.HK,HK
港股,00300,美的集团,00300.HK,HK
港股,00301,三和精化,00301.HK,HK
港股,00302,中手游,00302.HK,HK
港股,00303,VTECH HOLDINGS,00303.HK,HK
港股,00305,五菱汽车,00305.HK,HK
港股,00306,冠忠巴士集团,00306.HK,HK
港股,00308,香港中旅,00308.HK,HK
港股,00309,新华通讯频媒,00309.HK,HK
港股,00310,嘉进投资国际,00310.HK,HK
港股,00311,联泰控股,00311.HK,HK
港股,00312,岁宝百货,00312.HK,HK
港股,00313,裕田中国,00313.HK,HK
港股,00314,思派健康,00314.HK,HK
港股,00315,数码通电讯,00315.HK,HK
港股,00316,东方海外国际,00316.HK,HK
港股,00317,中船防务,00317.HK,HK
港股,00318,黄河实业,00318.HK,HK
港股,00320,金宝通,00320.HK,HK
港股,00321,德永佳集团,00321.HK,HK
港股,00322,康师傅控股,00322.HK,HK
港股,00323,马鞍山钢铁股份,00323.HK,HK
港股,00325,布鲁可,00325.HK,HK
港股,00326,中国星集团,00326.HK,HK
港股,00327,百富环球,00327.HK,HK
港股,00328,ALCO HOLDINGS,00328.HK,HK
港股,00329,东建国际,00329.HK,HK
港股,00330,思捷环球,00330.HK,HK
港股,00331,丰盛生活服务,00331.HK,HK
港股,00332,元亨燃气,00332.HK,HK
港股,00333,黛丽斯国际,00333.HK,HK
港股,00334,华显光电,00334.HK,HK
港股,00335,美建集团,00335.HK,HK
港股,00336,华宝国际,00336.HK,HK
港股,00337,绿地香港,00337.HK,HK
港股,00338,上海石油化工股份,00338.HK,HK
港股,00339,中国科创产业投资,00339.HK,HK
港股,00340,潼关黄金,00340.HK,HK
港股,00341,大家乐集团,00341.HK,HK
港股,00343,文化传信,00343.HK,HK
港股,00345,VITASOY INT'L,00345.HK,HK
港股,00346,延长石油国际,00346.HK,HK
港股,00347,鞍钢股份,00347.HK,HK
港股,00348,中国智能健康,00348.HK,HK
港股,00351,亚洲能源物流,00351.HK,HK
港股,00352,富阳,00352.HK,HK
港股,00353,能源国际投资,00353.HK,HK
港股,00354,中国软件国际,00354.HK,HK
港股,00355,世纪城市国际,00355.HK,HK
港股,00356,鼎立资本,00356.HK,HK
港股,00357,美兰空港,00357.HK,HK
港股,00358,江西铜业股份,00358.HK,HK
港股,00360,新焦点,00360.HK,HK
港股,00361,汉成发展控股,00361.HK,HK
港股,00362,中国天化工,00362.HK,HK
港股,00363,上海实业控股,00363.HK,HK
港股,00365,芯成科技,00365.HK,HK
港股,00366,陆氏集团(越南),00366.HK,HK
港股,00367,庄士机构国际,00367.HK,HK
港股,00368,德合集团,00368.HK,HK
港股,00369,永泰地产,00369.HK,HK
港股,00370,港仔机器人,00370.HK,HK
港股,00371,北控水务集团,00371.HK,HK
港股,00372,保德国际发展,00372.HK,HK
港股,00373,联合集团,00373.HK,HK
港股,00374,四洲集团,00374.HK,HK
港股,00375,YGM TRADING,00375.HK,HK
港股,00376,云锋金融,00376.HK,HK
港股,00377,中国华君,00377.HK,HK
港股,00379,恒嘉融资租赁,00379.HK,HK
港股,00380,中国管业,00380.HK,HK
港股,00381,权识国际,00381.HK,HK
港股,00382,中汇集团,00382.HK,HK
港股,00383,天安卓健,00383.HK,HK
港股,00384,中国燃气,00384.HK,HK
港股,00385,建联集团,00385.HK,HK
港股,00386,中国石油化工股份,00386.HK,HK
港股,00387,力丰(集团),00387.HK,HK
港股,00388,香港交易所,00388.HK,HK
港股,00389,通天酒业,00389.HK,HK
港股,00390,中国中铁,00390.HK,HK
港股,00391,美亚娱乐资讯,00391.HK,HK
港股,00392,北京控股,00392.HK,HK
港股,00393,旭日企业,00393.HK,HK
港股,00396,兴利(香港)控股,00396.HK,HK
港股,00397,嬴集团,00397.HK,HK
港股,00398,东方表行集团,00398.HK,HK
港股,00399,星太链集团,00399.HK,HK
港股,00400,硬蛋创新,00400.HK,HK
港股,00401,万嘉集团,00401.HK,HK
港股,00403,星光集团,00403.HK,HK
港股,00406,有利集团,00406.HK,HK
港股,00408,叶氏化工集团,00408.HK,HK
港股,00410,SOHO中国,00410.HK,HK
港股,00411,南顺(香港),00411.HK,HK
港股,00412,山高控股,00412.HK,HK
港股,00413,南华集团控股,00413.HK,HK
港股,00417,谢瑞麟,00417.HK,HK
港股,00418,方正控股,00418.HK,HK
港股,00419,弘毅文化集团,00419.HK,HK
港股,00420,福田实业,00420.HK,HK
港股,00422,越南制造加工出口,00422.HK,HK
港股,00423,经济日报集团,00423.HK,HK
港股,00425,敏实集团,00425.HK,HK
港股,00426,万华媒体,00426.HK,HK
港股,00428,中国天弓控股,00428.HK,HK
港股,00430,东方兴业控股,00430.HK,HK
港股,00431,大中华金融,00431.HK,HK
港股,00432,盈大地产,00432.HK,HK
港股,00433,北方矿业,00433.HK,HK
港股,00434,博雅互动,00434.HK,HK
港股,00436,新宇环保,00436.HK,HK
港股,00438,彩虹新能源,00438.HK,HK
港股,00439,瀚源控股,00439.HK,HK
港股,00440,大新金融,00440.HK,HK
港股,00442,域能控股,00442.HK,HK
港股,00444,SINCEREWATCH HK,00444.HK,HK
港股,00450,鸿兴印刷集团,00450.HK,HK
港股,00451,协鑫新能源,00451.HK,HK
港股,00455,天大药业,00455.HK,HK
港股,00456,新城市建设发展,00456.HK,HK
港股,00458,联亚集团,00458.HK,HK
港股,00459,鋑联控股,00459.HK,HK
港股,00460,四环医药,00460.HK,HK
港股,00464,中国智能科技,00464.HK,HK
港股,00465,富通科技,00465.HK,HK
港股,00467,联合能源集团,00467.HK,HK
港股,00468,纷美包装,00468.HK,HK
港股,00470,先导智能,00470.HK,HK
港股,00471,中播数据,00471.HK,HK
港股,00472,新丝路文旅,00472.HK,HK
港股,00474,信铭生命科技,00474.HK,HK
港股,00475,中发展控股,00475.HK,HK
港股,00476,科轩动力控股,00476.HK,HK
港股,00480,香港兴业国际,00480.HK,HK
港股,00482,圣马丁国际,00482.HK,HK
港股,00483,包浩斯国际,00483.HK,HK
港股,00484,云游控股,00484.HK,HK
港股,00485,中国华星,00485.HK,HK
港股,00486,俄铝,00486.HK,HK
港股,00487,实德环球,00487.HK,HK
港股,00488,丽新发展,00488.HK,HK
港股,00489,东风集团股份,00489.HK,HK
港股,00491,英皇文化产业,00491.HK,HK
港股,00493,国美零售,00493.HK,HK
港股,00495,PALADIN,00495.HK,HK
港股,00496,卡森国际,00496.HK,HK
港股,00497,资本策略地产,00497.HK,HK
港股,00498,蓝河控股,00498.HK,HK
港股,00499,青岛控股,00499.HK,HK
港股,00500,先丰服务集团,00500.HK,HK
港股,00501,豪威集团,00501.HK,HK
港股,00505,兴业合金,00505.HK,HK
港股,00506,中国食品,00506.HK,HK
港股,00508,鼎亿集团投资,00508.HK,HK
港股,00509,世纪阳光,00509.HK,HK
港股,00510,时富金融服务集团,00510.HK,HK
港股,00511,电视广播,00511.HK,HK
港股,00512,远大医药,00512.HK,HK
港股,00513,恒和集团,00513.HK,HK
港股,00515,中华银科技,00515.HK,HK
港股,00517,中远海运国际,00517.HK,HK
港股,00518,同得仕(集团),00518.HK,HK
港股,00519,诺科达科技,00519.HK,HK
港股,00520,呷哺呷哺,00520.HK,HK
港股,00521,CWT INT'L,00521.HK,HK
港股,00522,ASMPT,00522.HK,HK
港股,00524,长城天下,00524.HK,HK
港股,00525,广深铁路股份,00525.HK,HK
港股,00526,利时集团控股,00526.HK,HK
港股,00527,瑞风新能源,00527.HK,HK
港股,00528,金达控股,00528.HK,HK
港股,00529,SIS INT'L,00529.HK,HK
港股,00532,WKK INTL (HOLD),00532.HK,HK
港股,00533,金利来集团,00533.HK,HK
港股,00535,金地商置,00535.HK,HK
港股,00536,贸易通,00536.HK,HK
港股,00538,味千(中国),00538.HK,HK
港股,00540,迅捷环球控股,00540.HK,HK
港股,00542,中国文旅农业,00542.HK,HK
港股,00543,太平洋网络,00543.HK,HK
港股,00544,大同集团,00544.HK,HK
港股,00546,阜丰集团,00546.HK,HK
港股,00547,数字王国,00547.HK,HK
港股,00548,深圳高速公路股份,00548.HK,HK
港股,00550,律齐文化,00550.HK,HK
港股,00551,裕元集团,00551.HK,HK
港股,00552,中国通信服务,00552.HK,HK
港股,00553,南京熊猫电子股份,00553.HK,HK
港股,00554,汉思集团控股,00554.HK,HK
港股,00556,泛亚环保,00556.HK,HK
港股,00557,天元医疗,00557.HK,HK
港股,00558,力劲科技,00558.HK,HK
港股,00559,德泰新能源集团,00559.HK,HK
港股,00560,珠江船务,00560.HK,HK
港股,00563,上实城市开发,00563.HK,HK
港股,00564,中创智领,00564.HK,HK
港股,00565,锦艺集团控股,00565.HK,HK
港股,00567,大昌微线集团,00567.HK,HK
港股,00568,山东墨龙,00568.HK,HK
港股,00570,中国中药,00570.HK,HK
港股,00571,丰德丽控股,00571.HK,HK
港股,00572,未来世界控股,00572.HK,HK
港股,00573,稻香控股,00573.HK,HK
港股,00574,百信国际,00574.HK,HK
港股,00575,励晶太平洋,00575.HK,HK
港股,00576,浙江沪杭甬,00576.HK,HK
港股,00579,京能清洁能源,00579.HK,HK
港股,00580,赛晶科技,00580.HK,HK
港股,00581,中国东方集团,00581.HK,HK
港股,00582,神话世界,00582.HK,HK
港股,00583,长城环亚控股,00583.HK,HK
港股,00585,意力国际,00585.HK,HK
港股,00586,海螺创业,00586.HK,HK
港股,00587,海螺环保,00587.HK,HK
港股,00588,北京北辰实业股份,00588.HK,HK
港股,00590,六福集团,00590.HK,HK
港股,00591,中国高精密,00591.HK,HK
港股,00595,AV CONCEPT HOLD,00595.HK,HK
港股,00596,浪潮数字企业,00596.HK,HK
港股,00598,中国外运,00598.HK,HK
港股,00599,怡邦行控股,00599.HK,HK
港股,00600,爱芯元智,00600.HK,HK
港股,00601,稀镁科技,00601.HK,HK
港股,00602,佳华百货控股,00602.HK,HK
港股,00603,中油燃气,00603.HK,HK
港股,00604,深圳控股,00604.HK,HK
港股,00605,中国金融投资管理,00605.HK,HK
港股,00606,中骏商管,00606.HK,HK
港股,00607,丰盛控股,00607.HK,HK
港股,00608,达利国际,00608.HK,HK
港股,00609,天德化工,00609.HK,HK
港股,00610,WAI KEE HOLD,00610.HK,HK
港股,00611,中国核能科技,00611.HK,HK
港股,00612,嘉文世纪投资公司,00612.HK,HK
港股,00613,梧桐国际,00613.HK,HK
港股,00616,高山企业,00616.HK,HK
港股,00617,百利保控股,00617.HK,HK
港股,00618,北大资源,00618.HK,HK
港股,00619,南华金融,00619.HK,HK
港股,00620,大唐西市,00620.HK,HK
港股,00621,坛金矿业,00621.HK,HK
港股,00622,威华达控股,00622.HK,HK
港股,00623,中视金桥,00623.HK,HK
港股,00626,大众金融控股,00626.HK,HK
港股,00627,共生智筑,00627.HK,HK
港股,00628,通通AI社交,00628.HK,HK
港股,00629,悦达国际控股,00629.HK,HK
港股,00630,隽泰控股,00630.HK,HK
港股,00631,三一国际,00631.HK,HK
港股,00632,中港石油,00632.HK,HK
港股,00635,彩星集团,00635.HK,HK
港股,00636,KLN,00636.HK,HK
港股,00637,利记,00637.HK,HK
港股,00638,广和通,00638.HK,HK
港股,00639,首钢资源,00639.HK,HK
港股,00640,星谦发展,00640.HK,HK
港股,00641,中国恒天立信国际,00641.HK,HK
港股,00643,恒富控股,00643.HK,HK
港股,00645,安域亚洲,00645.HK,HK
港股,00646,中国环保科技,00646.HK,HK
港股,00648,京玖康疗,00648.HK,HK
港股,00650,普达特科技,00650.HK,HK
港股,00653,卓悦控股,00653.HK,HK
港股,00655,香港华人有限公司,00655.HK,HK
港股,00656,复星国际,00656.HK,HK
港股,00657,环科国际,00657.HK,HK
港股,00658,中国高速传动,00658.HK,HK
港股,00659,周大福创建,00659.HK,HK
港股,00660,玮俊生物科技,00660.HK,HK
港股,00661,中国大冶有色金属,00661.HK,HK
港股,00662,亚洲金融,00662.HK,HK
港股,00663,金山能源,00663.HK,HK
港股,00666,瑞浦兰钧,00666.HK,HK
港股,00667,中国东方教育,00667.HK,HK
港股,00669,创科实业,00669.HK,HK
港股,00670,中国东方航空股份,00670.HK,HK
港股,00672,众安集团,00672.HK,HK
港股,00673,中国卫生集团,00673.HK,HK
港股,00674,中国唐商,00674.HK,HK
港股,00675,坚宝国际,00675.HK,HK
港股,00676,创信国际,00676.HK,HK
港股,00677,金源发展国际实业,00677.HK,HK
港股,00679,亚洲联网科技,00679.HK,HK
港股,00681,中民控股,00681.HK,HK
港股,00682,超大现代,00682.HK,HK
港股,00683,嘉里建设,00683.HK,HK
港股,00684,亚伦国际,00684.HK,HK
港股,00685,世界华文媒体,00685.HK,HK
港股,00686,北京能源国际,00686.HK,HK
港股,00687,泰升集团,00687.HK,HK
港股,00688,中国海外发展,00688.HK,HK
港股,00689,长盈集团(控股),00689.HK,HK
港股,00690,联康生物科技集团,00690.HK,HK
港股,00691,山水水泥,00691.HK,HK
港股,00693,陈唱国际,00693.HK,HK
港股,00694,北京首都机场股份,00694.HK,HK
港股,00695,东吴水泥,00695.HK,HK
港股,00696,中国民航信息网络,00696.HK,HK
港股,00697,首程控股,00697.HK,HK
港股,00698,通达集团,00698.HK,HK
港股,00699,均胜电子,00699.HK,HK
港股,00700,腾讯控股,00700.HK,HK
港股,00701,CNT GROUP,00701.HK,HK
港股,00702,中国油气控股,00702.HK,HK
港股,00703,FUTURE BRIGHT,00703.HK,HK
港股,00704,和嘉控股,00704.HK,HK
港股,00707,亚洲电视控股,00707.HK,HK
港股,00708,恒大汽车,00708.HK,HK
港股,00709,佐丹奴国际,00709.HK,HK
港股,00710,京东方精电,00710.HK,HK
港股,00711,亚洲联合基建控股,00711.HK,HK
港股,00712,卡姆丹克太阳能,00712.HK,HK
港股,00713,世界(集团),00713.HK,HK
港股,00716,胜狮货柜,00716.HK,HK
港股,00717,英皇资本,00717.HK,HK
港股,00718,太和控股,00718.HK,HK
港股,00719,山东新华制药股份,00719.HK,HK
港股,00720,意达利控股,00720.HK,HK
港股,00721,中国金融国际,00721.HK,HK
港股,00722,联合医务,00722.HK,HK
港股,00723,信保环球控股,00723.HK,HK
港股,00724,瑞鑫国际集团,00724.HK,HK
港股,00725,恒都集团,00725.HK,HK
港股,00726,筑友智造科技,00726.HK,HK
港股,00727,皇冠环球集团,00727.HK,HK
港股,00728,中国电信,00728.HK,HK
港股,00730,首惠产业金融,00730.HK,HK
港股,00731,建发新胜,00731.HK,HK
港股,00732,信利国际,00732.HK,HK
港股,00733,合富辉煌,00733.HK,HK
港股,00736,中国置业投资,00736.HK,HK
港股,00737,湾区发展,00737.HK,HK
港股,00738,莱尔斯丹,00738.HK,HK
港股,00743,亚洲水泥(中国),00743.HK,HK
港股,00745,中国国家文化产业,00745.HK,HK
港股,00746,理文化工,00746.HK,HK
港股,00747,沈阳公用发展股份,00747.HK,HK
港股,00750,水发兴业能源,00750.HK,HK
港股,00751,创维集团,00751.HK,HK
港股,00752,PICO FAR EAST,00752.HK,HK
港股,00753,中国国航,00753.HK,HK
港股,00754,合生创展集团,00754.HK,HK
港股,00755,大方广瑞德,00755.HK,HK
港股,00756,森美控股,00756.HK,HK
港股,00757,阳光能源,00757.HK,HK
港股,00759,CEC INT'L HOLD,00759.HK,HK
港股,00760,新天地产集团,00760.HK,HK
港股,00762,中国联通,00762.HK,HK
港股,00763,中兴通讯,00763.HK,HK
港股,00764,永恒策略,00764.HK,HK
港股,00765,PERFECTECH INTL,00765.HK,HK
港股,00767,中基长寿科学,00767.HK,HK
港股,00768,开明投资,00768.HK,HK
港股,00769,中国稀土,00769.HK,HK
港股,00770,SHANGHAI GROWTH,00770.HK,HK
港股,00771,自动系统,00771.HK,HK
港股,00772,阅文集团,00772.HK,HK
港股,00775,长江生命科技,00775.HK,HK
港股,00776,帝国科技集团,00776.HK,HK
港股,00777,网龙,00777.HK,HK
港股,00780,同程旅行,00780.HK,HK
港股,00784,凌锐控股,00784.HK,HK
港股,00788,中国铁塔,00788.HK,HK
港股,00789,雅天妮集团,00789.HK,HK
港股,00794,锦胜集团(控股),00794.HK,HK
港股,00797,第七大道,00797.HK,HK
港股,00798,中电光谷,00798.HK,HK
港股,00799,IGG,00799.HK,HK
港股,00800,文远知行-W,00800.HK,HK
港股,00802,中国钱包,00802.HK,HK
港股,00804,鼎石资本,00804.HK,HK
港股,00805,新吉奥房车,00805.HK,HK
港股,00806,惠理集团,00806.HK,HK
港股,00807,上海实业环境,00807.HK,HK
港股,00809,大成生化科技,00809.HK,HK
港股,00810,中国铸晨81,00810.HK,HK
港股,00811,新华文轩,00811.HK,HK
港股,00813,世茂集团,00813.HK,HK
港股,00814,北京京客隆,00814.HK,HK
港股,00815,中国白银集团,00815.HK,HK
港股,00816,金茂服务,00816.HK,HK
港股,00817,中国金茂,00817.HK,HK
港股,00818,高阳科技,00818.HK,HK
港股,00819,天能动力,00819.HK,HK
港股,00821,汇盈控股,00821.HK,HK
港股,00822,嘉瑞国际,00822.HK,HK
港股,00825,新世界百货中国,00825.HK,HK
港股,00826,天工国际,00826.HK,HK
港股,00827,玖源集团,00827.HK,HK
港股,00828,王朝酒业,00828.HK,HK
港股,00829,神冠控股,00829.HK,HK
港股,00830,中国建筑兴业,00830.HK,HK
港股,00831,利亚零售,00831.HK,HK
港股,00832,建业地产,00832.HK,HK
港股,00833,华讯,00833.HK,HK
港股,00834,康大食品,00834.HK,HK
港股,00836,华润电力,00836.HK,HK
港股,00837,谭木匠,00837.HK,HK
港股,00838,亿和控股,00838.HK,HK
港股,00839,中教控股,00839.HK,HK
港股,00840,天业节水,00840.HK,HK
港股,00841,木薯资源,00841.HK,HK
港股,00842,理士国际,00842.HK,HK
港股,00844,广泰国际控股,00844.HK,HK
港股,00845,恒盛地产,00845.HK,HK
港股,00846,明发集团,00846.HK,HK
港股,00848,茂业国际,00848.HK,HK
港股,00851,盛源控股,00851.HK,HK
港股,00852,海峡石油化工,00852.HK,HK
港股,00853,微创医疗,00853.HK,HK
港股,00854,威雅利,00854.HK,HK
港股,00855,中国水务,00855.HK,HK
港股,00856,伟仕佳杰,00856.HK,HK
港股,00857,中国石油股份,00857.HK,HK
港股,00858,精优药业,00858.HK,HK
港股,00859,中昌国际控股,00859.HK,HK
港股,00860,APOLLO出行,00860.HK,HK
港股,00861,神州控股,00861.HK,HK
港股,00862,远见控股,00862.HK,HK
港股,00863,OSL集团,00863.HK,HK
港股,00864,永利地产发展,00864.HK,HK
港股,00865,建德国际控股,00865.HK,HK
港股,00866,中国秦发,00866.HK,HK
港股,00867,康哲药业,00867.HK,HK
港股,00868,信义玻璃,00868.HK,HK
港股,00869,彩星玩具,00869.HK,HK
港股,00871,中国疏浚环保,00871.HK,HK
港股,00873,世茂服务,00873.HK,HK
港股,00874,白云山,00874.HK,HK
港股,00875,从玉智农,00875.HK,HK
港股,00876,佳兆业健康,00876.HK,HK
港股,00878,金朝阳集团,00878.HK,HK
港股,00880,澳博控股,00880.HK,HK
港股,00881,中升控股,00881.HK,HK
港股,00882,天津发展,00882.HK,HK
港股,00883,中国海洋石油,00883.HK,HK
港股,00884,旭辉控股集团,00884.HK,HK
港股,00887,英皇钟表珠宝,00887.HK,HK
港股,00888,链信控股,00888.HK,HK
港股,00889,连达科技控股,00889.HK,HK
港股,00893,中国铁钛,00893.HK,HK
港股,00894,万裕科技,00894.HK,HK
港股,00895,东江环保,00895.HK,HK
港股,00896,兴胜创建,00896.HK,HK
港股,00897,位元堂,00897.HK,HK
港股,00898,万事昌国际,00898.HK,HK
港股,00899,中加国信,00899.HK,HK
港股,00900,AEON CREDIT,00900.HK,HK
港股,00902,华能国际电力股份,00902.HK,HK
港股,00905,胡桃资本,00905.HK,HK
港股,00907,高雅光学,00907.HK,HK
港股,00909,明源云,00909.HK,HK
港股,00910,中国三迪,00910.HK,HK
港股,00911,前海健康,00911.HK,HK
港股,00912,信佳国际,00912.HK,HK
港股,00913,港湾数字,00913.HK,HK
港股,00914,海螺水泥,00914.HK,HK
港股,00915,道和环球,00915.HK,HK
港股,00916,龙源电力,00916.HK,HK
港股,00917,趣致集团,00917.HK,HK
港股,00918,龙翼航空科技,00918.HK,HK
港股,00919,现代健康科技,00919.HK,HK
港股,00921,海信家电,00921.HK,HK
港股,00922,安贤园中国,00922.HK,HK
港股,00923,综合环保集团,00923.HK,HK
港股,00924,坤集团,00924.HK,HK
港股,00926,碧生源,00926.HK,HK
港股,00927,富士高实业,00927.HK,HK
港股,00928,帝王国际投资,00928.HK,HK
港股,00929,国际精密,00929.HK,HK
港股,00931,中国港能,00931.HK,HK
港股,00932,顺腾国际控股,00932.HK,HK
港股,00933,非凡领越,00933.HK,HK
港股,00934,中石化冠德,00934.HK,HK
港股,00936,佳兆业资本,00936.HK,HK
港股,00938,民生国际,00938.HK,HK
港股,00939,建设银行,00939.HK,HK
港股,00941,中国移动,00941.HK,HK
港股,00943,中证国际,00943.HK,HK
港股,00945,宏利金融-S,00945.HK,HK
港股,00947,摩比发展,00947.HK,HK
港股,00948,阿尔法企业,00948.HK,HK
港股,00950,李氏大药厂,00950.HK,HK
港股,00951,超威动力,00951.HK,HK
港股,00952,华富建业金融,00952.HK,HK
港股,00953,邵氏兄弟控股,00953.HK,HK
港股,00954,常茂生物,00954.HK,HK
港股,00956,新天绿色能源,00956.HK,HK
港股,00959,世纪娱乐国际,00959.HK,HK
港股,00960,龙湖集团,00960.HK,HK
港股,00966,中国太平,00966.HK,HK
港股,00968,信义光能,00968.HK,HK
港股,00969,华联国际,00969.HK,HK
港股,00970,新耀莱,00970.HK,HK
港股,00974,中国顺客隆,00974.HK,HK
港股,00975,MONGOL MINING,00975.HK,HK
港股,00976,齐合环保,00976.HK,HK
港股,00978,招商局置地,00978.HK,HK
港股,00979,绿色能源科技集团,00979.HK,HK
港股,00980,联华超市,00980.HK,HK
港股,00981,中芯国际,00981.HK,HK
港股,00983,瑞安建业,00983.HK,HK
港股,00984,永旺,00984.HK,HK
港股,00986,杜甫酒业集团,00986.HK,HK
港股,00987,中国再生能源投资,00987.HK,HK
港股,00989,中国长白山国际,00989.HK,HK
港股,00990,至源控股,00990.HK,HK
港股,00991,大唐发电,00991.HK,HK
港股,00992,联想集团,00992.HK,HK
港股,00993,信控国际资本,00993.HK,HK
港股,00994,中天宏信,00994.HK,HK
港股,00995,安徽皖通高速公路,00995.HK,HK
港股,00997,普汇中金国际,00997.HK,HK
港股,00998,中信银行,00998.HK,HK
港股,00999,小菜园,00999.HK,HK
港股,01000,北青传媒,01000.HK,HK
港股,01001,沪港联合,01001.HK,HK
港股,01002,威铖国际,01002.HK,HK
港股,01003,欢喜传媒,01003.HK,HK
港股,01004,中国智慧能源,01004.HK,HK
港股,01005,MATRIX HOLDINGS,01005.HK,HK
港股,01007,龙辉国际控股,01007.HK,HK
港股,01008,力图控股,01008.HK,HK
港股,01009,国际娱乐,01009.HK,HK
港股,01010,天玺曜11,01010.HK,HK
港股,01011,泰凌医药,01011.HK,HK
港股,01013,伟俊集团控股,01013.HK,HK
港股,01020,中细软科技,01020.HK,HK
港股,01022,飞鱼科技,01022.HK,HK
港股,01023,时代集团控股,01023.HK,HK
港股,01024,快手-W,01024.HK,HK
港股,01025,嘉艺控股,01025.HK,HK
港股,01026,环球实业科技,01026.HK,HK
港股,01027,亚洲策略科技,01027.HK,HK
港股,01028,千百度,01028.HK,HK
港股,01029,铁货,01029.HK,HK
港股,01030,新城发展,01030.HK,HK
港股,01033,中石化油服,01033.HK,HK
港股,01036,万科海外,01036.HK,HK
港股,01037,云智汇科技,01037.HK,HK
港股,01038,长江基建集团,01038.HK,HK
港股,01039,畅由国际集团,01039.HK,HK
港股,01044,恒安国际,01044.HK,HK
港股,01045,亚太卫星,01045.HK,HK
港股,01046,寰宇娱乐文化,01046.HK,HK
港股,01047,毅兴行,01047.HK,HK
港股,01049,时富投资,01049.HK,HK
港股,01050,嘉利国际,01050.HK,HK
港股,01051,国际资源,01051.HK,HK
港股,01052,越秀交通基建,01052.HK,HK
港股,01053,重庆钢铁股份,01053.HK,HK
港股,01055,中国南方航空股份,01055.HK,HK
港股,01057,浙江世宝,01057.HK,HK
港股,01058,南粤控股,01058.HK,HK
港股,01059,看通集团,01059.HK,HK
港股,01060,大麦娱乐,01060.HK,HK
港股,01061,亿胜生物科技,01061.HK,HK
港股,01062,国开国际投资,01062.HK,HK
港股,01063,新确科技,01063.HK,HK
港股,01064,中华国际,01064.HK,HK
港股,01065,天津创业环保股份,01065.HK,HK
港股,01066,威高股份,01066.HK,HK
港股,01068,雨润食品,01068.HK,HK
港股,01069,中国健康科技集团,01069.HK,HK
港股,01070,TCL电子,01070.HK,HK
港股,01071,华电国际电力股份,01071.HK,HK
港股,01072,东方电气,01072.HK,HK
港股,01073,大禹金融,01073.HK,HK
港股,01075,首都信息,01075.HK,HK
港股,01079,松景科技,01079.HK,HK
港股,01080,胜利管道,01080.HK,HK
港股,01082,源宇宙教育,01082.HK,HK
港股,01083,港华智慧能源,01083.HK,HK
港股,01084,绿新生物科技,01084.HK,HK
港股,01085,亨鑫科技,01085.HK,HK
港股,01086,好孩子国际,01086.HK,HK
港股,01087,威讯控股,01087.HK,HK
港股,01088,中国神华,01088.HK,HK
港股,01090,大明国际,01090.HK,HK
港股,01091,南方锰业,01091.HK,HK
港股,01093,石药集团,01093.HK,HK
港股,01094,承辉国际,01094.HK,HK
港股,01097,有线宽频,01097.HK,HK
港股,01098,路劲,01098.HK,HK
港股,01099,国药控股,01099.HK,HK
港股,01100,飞达控股,01100.HK,HK
港股,01101,华荣能源,01101.HK,HK
港股,01102,环能国际,01102.HK,HK
港股,01104,亚太资源,01104.HK,HK
港股,01105,星岛,01105.HK,HK
港股,01107,当代置业,01107.HK,HK
港股,01108,凯盛新能,01108.HK,HK
港股,01109,华润置地,01109.HK,HK
港股,01110,金活医药集团,01110.HK,HK
港股,01111,华视集团控股,01111.HK,HK
港股,01112,H&H国际控股,01112.HK,HK
港股,01113,长实集团,01113.HK,HK
港股,01114,BRILLIANCE CHI,01114.HK,HK
港股,01115,5100藏冰川,01115.HK,HK
港股,01116,慧源同创科技,01116.HK,HK
港股,01117,现代牧业,01117.HK,HK
港股,01118,高力集团,01118.HK,HK
港股,01119,创梦天地,01119.HK,HK
港股,01120,雅视光学,01120.HK,HK
港股,01121,金阳新能源,01121.HK,HK
港股,01122,庆铃汽车股份,01122.HK,HK
港股,01123,中港照相,01123.HK,HK
港股,01124,沿海家园,01124.HK,HK
港股,01125,丽丰控股,01125.HK,HK
港股,01126,德林国际,01126.HK,HK
港股,01127,狮子山集团,01127.HK,HK
港股,01128,永利澳门,01128.HK,HK
港股,01129,中国水业集团,01129.HK,HK
港股,01130,中国环境资源,01130.HK,HK
港股,01132,橙天嘉禾,01132.HK,HK
港股,01133,哈尔滨电气,01133.HK,HK
港股,01134,恒发光学,01134.HK,HK
港股,01137,香港科技探索,01137.HK,HK
港股,01138,中远海能,01138.HK,HK
港股,01140,华科智能投资,01140.HK,HK
港股,01141,民银资本,01141.HK,HK
港股,01142,能源及能量环球,01142.HK,HK
港股,01143,中国储能科技发展,01143.HK,HK
港股,01145,勇利投资,01145.HK,HK
港股,01146,汇成国际控股,01146.HK,HK
港股,01147,伊登软件,01147.HK,HK
港股,01148,新晨动力,01148.HK,HK
港股,01150,米兰站,01150.HK,HK
港股,01152,正乾金融控股,01152.HK,HK
港股,01153,佳源服务,01153.HK,HK
港股,01156,CHINANEWENERGY,01156.HK,HK
港股,01157,中联重科,01157.HK,HK
港股,01159,智数科技集团,01159.HK,HK
港股,01160,金石资本集团,01160.HK,HK
港股,01161,奥思集团,01161.HK,HK
港股,01162,莹岚集团,01162.HK,HK
港股,01163,虎视传媒,01163.HK,HK
港股,01164,中广核矿业,01164.HK,HK
港股,01165,顺风清洁能源,01165.HK,HK
港股,01166,星凯控股,01166.HK,HK
港股,01167,加科思-B,01167.HK,HK
港股,01168,Z FIN,01168.HK,HK
港股,01170,信星集团,01170.HK,HK
港股,01171,兖矿能源,01171.HK,HK
港股,01172,融太集团,01172.HK,HK
港股,01173,威高国际,01173.HK,HK
港股,01176,珠光控股,01176.HK,HK
港股,01177,中国生物制药,01177.HK,HK
港股,01179,华住集团-S,01179.HK,HK
港股,01180,汇彩控股,01180.HK,HK
港股,01181,唐宫中国,01181.HK,HK
港股,01182,胜龙国际,01182.HK,HK
港股,01183,澳能建设,01183.HK,HK
港股,01184,S.A.S. DRAGON,01184.HK,HK
港股,01186,中国铁建,01186.HK,HK
港股,01188,正道集团,01188.HK,HK
港股,01193,华润燃气,01193.HK,HK
港股,01195,京维集团,01195.HK,HK
港股,01196,伟禄集团,01196.HK,HK
港股,01198,皇朝家居,01198.HK,HK
港股,01199,中远海运港口,01199.HK,HK
港股,01200,美联集团,01200.HK,HK
港股,01201,天臣控股,01201.HK,HK
港股,01202,四威科技,01202.HK,HK
港股,01203,广南(集团),01203.HK,HK
港股,01204,博维智慧,01204.HK,HK
港股,01205,中信资源,01205.HK,HK
港股,01206,同方泰德,01206.HK,HK
港股,01208,五矿资源,01208.HK,HK
港股,01209,华润万象生活,01209.HK,HK
港股,01211,比亚迪股份,01211.HK,HK
港股,01213,万保刚集团,01213.HK,HK
港股,01215,开源控股,01215.HK,HK
港股,01216,中原银行,01216.HK,HK
港股,01217,中国创新投资,01217.HK,HK
港股,01218,永义国际,01218.HK,HK
港股,01220,志道国际,01220.HK,HK
港股,01221,SINO HOTELS,01221.HK,HK
港股,01222,WANG ON GROUP,01222.HK,HK
港股,01223,新沣集团,01223.HK,HK
港股,01224,中渝置地,01224.HK,HK
港股,01225,隆成金融,01225.HK,HK
港股,01226,中国投融资,01226.HK,HK
港股,01228,北海康成-B,01228.HK,HK
港股,01229,南南资源,01229.HK,HK
港股,01231,新矿资源,01231.HK,HK
港股,01232,金轮天地控股,01232.HK,HK
港股,01233,时代中国控股,01233.HK,HK
港股,01234,中国利郎,01234.HK,HK
港股,01235,专业旅运,01235.HK,HK
港股,01237,中科生物,01237.HK,HK
港股,01238,宝龙地产,01238.HK,HK
港股,01239,TEAMWAY INTL GP,01239.HK,HK
港股,01240,青建国际,01240.HK,HK
港股,01241,双桦控股,01241.HK,HK
港股,01243,宏安地产,01243.HK,HK
港股,01244,思路迪医药股份,01244.HK,HK
港股,01245,NIRAKU,01245.HK,HK
港股,01246,保集健康,01246.HK,HK
港股,01247,米格国际控股,01247.HK,HK
港股,01250,山高新能源,01250.HK,HK
港股,01251,华油能源,01251.HK,HK
港股,01252,中国天瑞水泥,01252.HK,HK
港股,01253,绿博生态,01253.HK,HK
港股,01255,TATA健康,01255.HK,HK
港股,01257,中国光大绿色环保,01257.HK,HK
港股,01258,中国有色矿业,01258.HK,HK
港股,01259,未来发展控股,01259.HK,HK
港股,01260,皓天财经集团,01260.HK,HK
港股,01262,蜡笔小新食品,01262.HK,HK
港股,01265,天津津燃公用,01265.HK,HK
港股,01268,美东汽车,01268.HK,HK
港股,01269,首控集团,01269.HK,HK
港股,01271,佳明集团控股,01271.HK,HK
港股,01272,大唐环境,01272.HK,HK
港股,01273,香港信贷,01273.HK,HK
港股,01274,知行科技,01274.HK,HK
港股,01276,恒瑞医药,01276.HK,HK
港股,01277,力量发展,01277.HK,HK
港股,01278,中国新城镇,01278.HK,HK
港股,01280,奇点国峰,01280.HK,HK
港股,01281,鑫达投资控股,01281.HK,HK
港股,01282,中泽丰,01282.HK,HK
港股,01283,高升集团控股,01283.HK,HK
港股,01284,新传企划,01284.HK,HK
港股,01285,嘉士利集团,01285.HK,HK
港股,01286,鹰普精密,01286.HK,HK
港股,01288,农业银行,01288.HK,HK
港股,01289,盛力达科技,01289.HK,HK
港股,01290,中国汇融,01290.HK,HK
港股,01292,长安民生物流,01292.HK,HK
港股,01293,广汇宝信,01293.HK,HK
港股,01298,云能国际,01298.HK,HK
港股,01299,友邦保险,01299.HK,HK
港股,01300,俊知集团,01300.HK,HK
港股,01301,德基科技控股,01301.HK,HK
港股,01302,先健科技,01302.HK,HK
港股,01303,汇力资源,01303.HK,HK
港股,01304,FORTIOR,01304.HK,HK
港股,01305,伟志控股,01305.HK,HK
港股,01308,海丰国际,01308.HK,HK
港股,01310,香港宽频,01310.HK,HK
港股,01312,华控康泰,01312.HK,HK
港股,01313,华润建材科技,01313.HK,HK
港股,01314,翠华控股,01314.HK,HK
港股,01315,绿色经济,01315.HK,HK
港股,01316,耐世特,01316.HK,HK
港股,01317,枫叶教育,01317.HK,HK
港股,01318,毛戈平,01318.HK,HK
港股,01319,霭华押业信贷,01319.HK,HK
港股,01321,中国新城市,01321.HK,HK
港股,01323,华盛国际控股,01323.HK,HK
港股,01326,传递娱乐,01326.HK,HK
港股,01327,励时集团,01327.HK,HK
港股,01328,金涌投资,01328.HK,HK
港股,01330,绿色动力环保,01330.HK,HK
港股,01332,透云生物,01332.HK,HK
港股,01333,博雷顿,01333.HK,HK
港股,01334,瑞昌国际控股,01334.HK,HK
港股,01335,顺泰控股,01335.HK,HK
港股,01336,新华保险,01336.HK,HK
港股,01338,霸王集团,01338.HK,HK
港股,01339,中国人民保险集团,01339.HK,HK
港股,01340,惠生国际,01340.HK,HK
港股,01341,昊天国际建投,01341.HK,HK
港股,01343,伟源控股,01343.HK,HK
港股,01345,上海先锋控股,01345.HK,HK
港股,01346,利华控股集团,01346.HK,HK
港股,01347,华虹半导体,01347.HK,HK
港股,01348,滉达富控股,01348.HK,HK
港股,01349,复旦张江,01349.HK,HK
港股,01351,辉煌明天,01351.HK,HK
港股,01354,经发物业,01354.HK,HK
港股,01355,朸浚国际,01355.HK,HK
港股,01357,美图公司,01357.HK,HK
港股,01358,普华和顺,01358.HK,HK
港股,01359,中国信达,01359.HK,HK
港股,01361,361度,01361.HK,HK
港股,01362,新龙移动,01362.HK,HK
港股,01364,古茗,01364.HK,HK
港股,01368,特步国际,01368.HK,HK
港股,01370,奥威控股,01370.HK,HK
港股,01371,中国生态旅游,01371.HK,HK
港股,01372,中国碳中和,01372.HK,HK
港股,01373,国际家居零售,01373.HK,HK
港股,01375,中州证券,01375.HK,HK
港股,01376,RAFFLESINTERIOR,01376.HK,HK
港股,01378,中国宏桥,01378.HK,HK
港股,01379,温岭工量刃具,01379.HK,HK
港股,01380,中国金石,01380.HK,HK
港股,01382,互太纺织,01382.HK,HK
港股,01384,滴普科技,01384.HK,HK
港股,01385,上海复旦,01385.HK,HK
港股,01388,安莉芳控股,01388.HK,HK
港股,01389,美捷汇控股,01389.HK,HK
港股,01393,恒鼎实业,01393.HK,HK
港股,01395,强泰环保,01395.HK,HK
港股,01396,粤港湾控股,01396.HK,HK
港股,01397,碧瑶绿色集团,01397.HK,HK
港股,01398,工商银行,01398.HK,HK
港股,01399,锐信控股,01399.HK,HK
港股,01400,满地科技股份,01400.HK,HK
港股,01401,未来机器有限公司,01401.HK,HK
港股,01402,超智能控股,01402.HK,HK
港股,01405,达势股份,01405.HK,HK
港股,01406,清晰医疗,01406.HK,HK
港股,01407,交运燃气,01407.HK,HK
港股,01408,濠江机电,01408.HK,HK
港股,01410,安领国际,01410.HK,HK
港股,01412,隽思集团,01412.HK,HK
港股,01413,铸帝控股,01413.HK,HK
港股,01415,高伟电子,01415.HK,HK
港股,01416,CTR HOLDINGS,01416.HK,HK
港股,01417,浦江中国,01417.HK,HK
港股,01418,盛诺集团,01418.HK,HK
港股,01419,盈健医疗,01419.HK,HK
港股,01420,川控股,01420.HK,HK
港股,01421,恒昌集团国际,01421.HK,HK
港股,01425,捷隆控股,01425.HK,HK
港股,01427,中国天保集团,01427.HK,HK
港股,01428,耀才证券金融,01428.HK,HK
港股,01429,天任集团,01429.HK,HK
港股,01431,原生态牧业,01431.HK,HK
港股,01432,中国圣牧,01432.HK,HK
港股,01433,常达控股,01433.HK,HK
港股,01440,应星控股,01440.HK,HK
港股,01442,鹰辉物流,01442.HK,HK
港股,01443,富临集团控股,01443.HK,HK
港股,01446,鸿福堂,01446.HK,HK
港股,01447,新福港,01447.HK,HK
港股,01448,福寿园,01448.HK,HK
港股,01449,立德教育,01449.HK,HK
港股,01450,交个朋友控股,01450.HK,HK
港股,01451,万成集团股份,01451.HK,HK
港股,01452,迪诺斯环保,01452.HK,HK
港股,01455,科利实业控股,01455.HK,HK
港股,01456,国联民生,01456.HK,HK
港股,01458,周黑鸭,01458.HK,HK
港股,01459,巨匠建设,01459.HK,HK
港股,01460,扬科集团,01460.HK,HK
港股,01461,中泰期货,01461.HK,HK
港股,01463,C-LINK SQ,01463.HK,HK
港股,01466,佰金生命科学,01466.HK,HK
港股,01468,嘉高达资本,01468.HK,HK
港股,01470,富一国际控股,01470.HK,HK
港股,01471,众淼控股(一百),01471.HK,HK
港股,01472,生兴控股,01472.HK,HK
港股,01473,环联连讯,01473.HK,HK
港股,01475,日清食品,01475.HK,HK
港股,01476,金融街证券,01476.HK,HK
港股,01477,欧康维视生物-B,01477.HK,HK
港股,01478,丘钛科技,01478.HK,HK
港股,01480,恩达集团控股,01480.HK,HK
港股,01481,竣球控股,01481.HK,HK
港股,01483,网誉科技,01483.HK,HK
港股,01486,思城控股,01486.HK,HK
港股,01488,百福控股,01488.HK,HK
港股,01489,GC CONSTRUCTION,01489.HK,HK
港股,01490,车市科技,01490.HK,HK
港股,01495,集一控股,01495.HK,HK
港股,01496,亚积邦租赁,01496.HK,HK
港股,01497,燕之屋,01497.HK,HK
港股,01498,培力农本方,01498.HK,HK
港股,01499,欧科云链,01499.HK,HK
港股,01500,现恒建筑,01500.HK,HK
港股,01501,瑛泰医疗,01501.HK,HK
港股,01502,金融街物业,01502.HK,HK
港股,01508,中国再保险,01508.HK,HK
港股,01513,丽珠医药,01513.HK,HK
港股,01515,华润医疗,01515.HK,HK
港股,01516,融创服务,01516.HK,HK
港股,01518,新世纪医疗,01518.HK,HK
港股,01519,极兔速递-W,01519.HK,HK
港股,01520,天机控股,01520.HK,HK
港股,01521,方达控股,01521.HK,HK
港股,01522,京投交通科技,01522.HK,HK
港股,01523,珩湾科技,01523.HK,HK
港股,01525,建桥教育,01525.HK,HK
港股,01526,瑞慈医疗,01526.HK,HK
港股,01527,天洁环境,01527.HK,HK
港股,01528,红星美凯龙,01528.HK,HK
港股,01529,乐氏国际控股,01529.HK,HK
港股,01530,三生制药,01530.HK,HK
港股,01532,中国派对文化,01532.HK,HK
港股,01536,煜荣集团,01536.HK,HK
港股,01538,中奥到家,01538.HK,HK
港股,01539,知行集团控股,01539.HK,HK
港股,01540,澳狮环球,01540.HK,HK
港股,01541,宜明昂科-B,01541.HK,HK
港股,01542,台州水务,01542.HK,HK
港股,01543,中盈盛达融资担保,01543.HK,HK
港股,01545,设计都会,01545.HK,HK
港股,01546,德莱建业,01546.HK,HK
港股,01547,IBI GROUP HLDGS,01547.HK,HK
港股,01548,金斯瑞生物科技,01548.HK,HK
港股,01549,永丰集团控股,01549.HK,HK
港股,01551,广州农商银行,01551.HK,HK
港股,01552,BHCC HOLDING,01552.HK,HK
港股,01553,迈科管业,01553.HK,HK
港股,01555,MI能源,01555.HK,HK
港股,01556,建业建荣,01556.HK,HK
港股,01557,剑虹集团控股,01557.HK,HK
港股,01559,均安控股,01559.HK,HK
港股,01560,星星集团,01560.HK,HK
港股,01561,联洋智能控股,01561.HK,HK
港股,01563,友联国际教育租赁,01563.HK,HK
港股,01565,成实外教育,01565.HK,HK
港股,01566,华夏文化科技,01566.HK,HK
港股,01568,承达集团,01568.HK,HK
港股,01569,民生教育,01569.HK,HK
港股,01570,伟业控股,01570.HK,HK
港股,01571,信邦控股,01571.HK,HK
港股,01572,中国艺术金融,01572.HK,HK
港股,01575,皇庭智家,01575.HK,HK
港股,01576,齐鲁高速,01576.HK,HK
港股,01577,汇鑫小贷,01577.HK,HK
港股,01578,天津银行,01578.HK,HK
港股,01579,颐海国际,01579.HK,HK
港股,01580,大森控股,01580.HK,HK
港股,01581,进升集团控股,01581.HK,HK
港股,01582,华营建筑,01582.HK,HK
港股,01583,亲亲食品,01583.HK,HK
港股,01585,雅迪控股,01585.HK,HK
港股,01586,力鸿检验,01586.HK,HK
港股,01587,欣融国际,01587.HK,HK
港股,01588,畅捷通,01588.HK,HK
港股,01591,汛和集团,01591.HK,HK
港股,01592,基石控股,01592.HK,HK
港股,01593,辰林教育,01593.HK,HK
港股,01596,翼辰实业,01596.HK,HK
港股,01597,纳泉能源科技,01597.HK,HK
港股,01598,21世纪教育,01598.HK,HK
港股,01599,城建设计,01599.HK,HK
港股,01600,天伦燃气,01600.HK,HK
港股,01601,中关村科技租赁,01601.HK,HK
港股,01606,国银金租,01606.HK,HK
港股,01608,伟能集团,01608.HK,HK
港股,01610,中粮家佳康,01610.HK,HK
港股,01611,新火科技控股,01611.HK,HK
港股,01612,永胜医疗,01612.HK,HK
港股,01613,协同通信,01613.HK,HK
港股,01615,奥邦建筑,01615.HK,HK
港股,01616,一元宇宙,01616.HK,HK
港股,01617,南方通信,01617.HK,HK
港股,01618,中国中冶,01618.HK,HK
港股,01620,富盈环球集团,01620.HK,HK
港股,01621,域高国际控股,01621.HK,HK
港股,01622,力高集团,01622.HK,HK
港股,01623,海隆控股,01623.HK,HK
港股,01626,嘉耀控股,01626.HK,HK
港股,01627,安保工程控股,01627.HK,HK
港股,01628,禹洲集团,01628.HK,HK
港股,01629,冠均国际控股,01629.HK,HK
港股,01630,建成控股,01630.HK,HK
港股,01631,REF HOLDINGS,01631.HK,HK
港股,01632,民商创科,01632.HK,HK
港股,01633,上谕集团,01633.HK,HK
港股,01635,大众公用,01635.HK,HK
港股,01636,中国金属利用,01636.HK,HK
港股,01637,顺兴集团控股,01637.HK,HK
港股,01638,佳兆业集团,01638.HK,HK
港股,01640,千循科技,01640.HK,HK
港股,01641,红星冷链,01641.HK,HK
港股,01643,现代中药集团,01643.HK,HK
港股,01645,海纳智能,01645.HK,HK
港股,01647,雄岸科技,01647.HK,HK
港股,01650,HYGIEIA GROUP,01650.HK,HK
港股,01651,津上机床中国,01651.HK,HK
港股,01652,福森药业,01652.HK,HK
港股,01653,MOS HOUSE,01653.HK,HK
港股,01655,OKURA HOLDINGS,01655.HK,HK
港股,01656,亿仕登控股,01656.HK,HK
港股,01657,桦欣控股,01657.HK,HK
港股,01658,邮储银行,01658.HK,HK
港股,01660,七元投资,01660.HK,HK
港股,01661,中国前沿科技集团,01661.HK,HK
港股,01662,义合控股,01662.HK,HK
港股,01663,汉港控股,01663.HK,HK
港股,01666,同仁堂科技,01666.HK,HK
港股,01667,迪米生活控股,01667.HK,HK
港股,01668,华南城,01668.HK,HK
港股,01669,环球信贷集团,01669.HK,HK
港股,01671,天保能源,01671.HK,HK
港股,01672,歌礼制药-B,01672.HK,HK
港股,01673,华章科技,01673.HK,HK
港股,01675,亚信科技,01675.HK,HK
港股,01676,高地股份,01676.HK,HK
港股,01679,瑞斯康集团,01679.HK,HK
港股,01680,澳门励骏,01680.HK,HK
港股,01681,康臣药业,01681.HK,HK
港股,01682,杭品生活科技,01682.HK,HK
港股,01683,旷逸国际,01683.HK,HK
港股,01685,博耳电力,01685.HK,HK
港股,01686,新意网集团,01686.HK,HK
港股,01689,华禧控股,01689.HK,HK
港股,01690,立基工程控股,01690.HK,HK
港股,01691,JS环球生活,01691.HK,HK
港股,01692,登辉控股,01692.HK,HK
港股,01693,璋利国际,01693.HK,HK
港股,01695,椰丰集团,01695.HK,HK
港股,01696,复锐医疗科技,01696.HK,HK
港股,01697,山东国信,01697.HK,HK
港股,01698,腾讯音乐-SW,01698.HK,HK
港股,01701,途屹控股,01701.HK,HK
港股,01702,东光化工,01702.HK,HK
港股,01703,维力生活科技,01703.HK,HK
港股,01705,宾仕国际,01705.HK,HK
港股,01707,致浩达控股,01707.HK,HK
港股,01708,三宝科技,01708.HK,HK
港股,01709,德林控股,01709.HK,HK
港股,01710,致丰工业电子,01710.HK,HK
港股,01711,欧化,01711.HK,HK
港股,01712,龙资源,01712.HK,HK
港股,01713,四川能投发展,01713.HK,HK
港股,01715,智慧健康科技,01715.HK,HK
港股,01716,毛记葵涌,01716.HK,HK
港股,01717,澳优,01717.HK,HK
港股,01718,宏基集团控股,01718.HK,HK
港股,01719,中国通商集团,01719.HK,HK
港股,01720,普天通信集团,01720.HK,HK
港股,01721,FSM HOLDINGS,01721.HK,HK
港股,01722,建鹏控股,01722.HK,HK
港股,01723,恒月控股,01723.HK,HK
港股,01725,中国技术集团,01725.HK,HK
港股,01726,HKE HOLDINGS,01726.HK,HK
港股,01727,河北建设,01727.HK,HK
港股,01728,正通汽车,01728.HK,HK
港股,01729,汇聚科技,01729.HK,HK
港股,01731,其利工业集团,01731.HK,HK
港股,01732,象兴国际,01732.HK,HK
港股,01733,易大宗,01733.HK,HK
港股,01735,中环新能源,01735.HK,HK
港股,01736,中国育儿网络,01736.HK,HK
港股,01737,亚洲实业集团,01737.HK,HK
港股,01738,飞尚无烟煤,01738.HK,HK
港股,01739,齐屹科技,01739.HK,HK
港股,01740,新石文化,01740.HK,HK
港股,01741,成志控股,01741.HK,HK
港股,01742,HPC HOLDINGS,01742.HK,HK
港股,01745,驴迹科技,01745.HK,HK
港股,01746,万顺集团控股,01746.HK,HK
港股,01747,HOME CONTROL,01747.HK,HK
港股,01748,信源企业集团,01748.HK,HK
港股,01749,杉杉品牌,01749.HK,HK
港股,01750,全达电器集团控股,01750.HK,HK
港股,01751,景联集团,01751.HK,HK
港股,01752,澳洲成峰高教,01752.HK,HK
港股,01753,兑吧,01753.HK,HK
港股,01755,新城悦服务,01755.HK,HK
港股,01756,中国科教产业,01756.HK,HK
港股,01757,俊裕地基,01757.HK,HK
港股,01758,博骏教育,01758.HK,HK
港股,01759,中油洁能控股,01759.HK,HK
港股,01760,英恒科技,01760.HK,HK
港股,01762,万咖壹联,01762.HK,HK
港股,01763,中国同辐,01763.HK,HK
港股,01765,希教国际控股,01765.HK,HK
港股,01766,中国中车,01766.HK,HK
港股,01767,TS WONDERS,01767.HK,HK
港股,01768,鸣鸣很忙,01768.HK,HK
港股,01769,思考乐教育,01769.HK,HK
港股,01771,新丰泰集团,01771.HK,HK
港股,01772,赣锋锂业,01772.HK,HK
港股,01773,天立国际控股,01773.HK,HK
港股,01775,精英汇集团,01775.HK,HK
港股,01776,广发证券,01776.HK,HK
港股,01777,花样年控股,01777.HK,HK
港股,01778,彩生活,01778.HK,HK
港股,01780,荣尊国际控股,01780.HK,HK
港股,01782,国际商业数字技术,01782.HK,HK
港股,01783,晋景新能,01783.HK,HK
港股,01785,成都高速,01785.HK,HK
港股,01786,铁建装备,01786.HK,HK
港股,01787,山东黄金,01787.HK,HK
港股,01788,国泰君安国际,01788.HK,HK
港股,01789,爱康医疗,01789.HK,HK
港股,01790,达力环保,01790.HK,HK
港股,01792,CMON,01792.HK,HK
港股,01793,伟工控股,01793.HK,HK
港股,01795,亚东集团,01795.HK,HK
港股,01796,中国数智科技,01796.HK,HK
港股,01797,东方甄选,01797.HK,HK
港股,01798,大唐新能源,01798.HK,HK
港股,01799,新特能源,01799.HK,HK
港股,01800,中国交通建设,01800.HK,HK
港股,01801,信达生物,01801.HK,HK
港股,01802,文业集团,01802.HK,HK
港股,01803,北京体育文化,01803.HK,HK
港股,01808,企展控股,01808.HK,HK
港股,01809,浦林成山,01809.HK,HK
港股,01810,小米集团-W,01810.HK,HK
港股,01811,中广核新能源,01811.HK,HK
港股,01812,晨鸣纸业,01812.HK,HK
港股,01813,合景泰富集团,01813.HK,HK
港股,01815,珠峰黄金,01815.HK,HK
港股,01816,中广核电力,01816.HK,HK
港股,01817,慕尚集团控股,01817.HK,HK
港股,01818,招金矿业,01818.HK,HK
港股,01820,济丰包装,01820.HK,HK
港股,01822,中木国际,01822.HK,HK
港股,01823,华昱高速,01823.HK,HK
港股,01825,STERLING GP,01825.HK,HK
港股,01826,丰展控股,01826.HK,HK
港股,01827,卓珈控股,01827.HK,HK
港股,01828,富卫集团,01828.HK,HK
港股,01830,完美医疗,01830.HK,HK
港股,01831,十方控股,01831.HK,HK
港股,01832,海天地悦旅,01832.HK,HK
港股,01833,平安好医生,01833.HK,HK
港股,01835,瑞威资管,01835.HK,HK
港股,01836,九兴控股,01836.HK,HK
港股,01837,五谷磨房,01837.HK,HK
港股,01841,优越集团控股,01841.HK,HK
港股,01842,植华集团,01842.HK,HK
港股,01843,快餐帝国,01843.HK,HK
港股,01845,维港环保科技,01845.HK,HK
港股,01846,德视佳,01846.HK,HK
港股,01847,云南建投混凝土,01847.HK,HK
港股,01848,中国飞机租赁,01848.HK,HK
港股,01849,秀商时代控股,01849.HK,HK
港股,01850,鸿盛昌资源,01850.HK,HK
港股,01851,银杏教育,01851.HK,HK
港股,01853,春城热力,01853.HK,HK
港股,01854,中国万天控股,01854.HK,HK
港股,01855,中庆股份,01855.HK,HK
港股,01856,依波路,01856.HK,HK
港股,01857,中国光大水务,01857.HK,HK
港股,01858,春立医疗,01858.HK,HK
港股,01860,汇量科技,01860.HK,HK
港股,01861,保宝龙科技,01861.HK,HK
港股,01862,景瑞控股,01862.HK,HK
港股,01863,中国龙天集团,01863.HK,HK
港股,01865,鹏高控股集团,01865.HK,HK
港股,01866,中国心连心化肥,01866.HK,HK
港股,01867,标准发展集团,01867.HK,HK
港股,01868,同方友友,01868.HK,HK
港股,01869,猫屎咖啡控股,01869.HK,HK
港股,01870,益美国际控股,01870.HK,HK
港股,01871,向中国际,01871.HK,HK
港股,01872,冠轈控股,01872.HK,HK
港股,01873,维亚生物,01873.HK,HK
港股,01875,东曜药业-B,01875.HK,HK
港股,01876,百威亚太,01876.HK,HK
港股,01877,君实生物,01877.HK,HK
港股,01878,南戈壁,01878.HK,HK
港股,01880,中国中免,01880.HK,HK
港股,01882,海天国际,01882.HK,HK
港股,01883,中信国际电讯,01883.HK,HK
港股,01884,EPRINT集团,01884.HK,HK
港股,01888,建滔积层板,01888.HK,HK
港股,01889,三爱健康集团,01889.HK,HK
港股,01890,中国科培,01890.HK,HK
港股,01891,兴合控股,01891.HK,HK
港股,01894,恒益控股(新),01894.HK,HK
港股,01895,鑫苑服务,01895.HK,HK
港股,01896,猫眼娱乐,01896.HK,HK
港股,01897,美亨实业,01897.HK,HK
港股,01898,中煤能源,01898.HK,HK
港股,01899,兴达国际,01899.HK,HK
港股,01900,中国智能交通,01900.HK,HK
港股,01901,飞扬集团,01901.HK,HK
港股,01903,JBB BUILDERS,01903.HK,HK
港股,01905,海通恒信,01905.HK,HK
港股,01906,博尼控股,01906.HK,HK
港股,01907,中国旭阳集团,01907.HK,HK
港股,01908,建发国际集团,01908.HK,HK
港股,01909,火岩控股,01909.HK,HK
港股,01910,新秀丽,01910.HK,HK
港股,01911,华兴资本控股,01911.HK,HK
港股,01912,康特隆,01912.HK,HK
港股,01913,普拉达,01913.HK,HK
港股,01915,泰和小贷,01915.HK,HK
港股,01916,江西银行,01916.HK,HK
港股,01917,豆盟科技,01917.HK,HK
港股,01918,融创中国,01918.HK,HK
港股,01919,中远海控,01919.HK,HK
港股,01920,中国网成,01920.HK,HK
港股,01921,达力普控股,01921.HK,HK
港股,01922,瑞森生活服务,01922.HK,HK
港股,01925,旷世芳香,01925.HK,HK
港股,01927,久久王,01927.HK,HK
港股,01928,金沙中国有限公司,01928.HK,HK
港股,01929,周大福,01929.HK,HK
港股,01930,勋龙,01930.HK,HK
港股,01931,华检医疗,01931.HK,HK
港股,01932,中漆集团,01932.HK,HK
港股,01933,元力控股,01933.HK,HK
港股,01935,嘉宏教育,01935.HK,HK
港股,01936,利特米,01936.HK,HK
港股,01937,佳辰控股,01937.HK,HK
港股,01938,珠江钢管,01938.HK,HK
港股,01939,上善黄金,01939.HK,HK
港股,01940,CGII HLDGS,01940.HK,HK
港股,01941,烨星集团,01941.HK,HK
港股,01942,马可数字科技,01942.HK,HK
港股,01943,金石控股集团,01943.HK,HK
港股,01945,清科控股,01945.HK,HK
港股,01947,美皓集团,01947.HK,HK
港股,01948,优矩控股,01948.HK,HK
港股,01949,佰达国际控股,01949.HK,HK
港股,01950,帝王实业控股,01950.HK,HK
港股,01951,锦欣生殖,01951.HK,HK
港股,01952,云顶新耀,01952.HK,HK
港股,01953,RIMBACO,01953.HK,HK
港股,01955,庄臣控股,01955.HK,HK
港股,01957,大人国际,01957.HK,HK
港股,01958,北京汽车,01958.HK,HK
港股,01959,世纪联合控股,01959.HK,HK
港股,01960,TBKS HLDGS,01960.HK,HK
港股,01961,多牛科技,01961.HK,HK
港股,01962,训修实业,01962.HK,HK
港股,01963,重庆银行,01963.HK,HK
港股,01965,朗诗绿色生活,01965.HK,HK
港股,01966,中骏集团控股,01966.HK,HK
港股,01967,信恳智能,01967.HK,HK
港股,01968,兴纺控股,01968.HK,HK
港股,01969,中国春来,01969.HK,HK
港股,01970,IMAX CHINA,01970.HK,HK
港股,01971,弘阳服务,01971.HK,HK
港股,01972,太古地产,01972.HK,HK
港股,01973,天图投资,01973.HK,HK
港股,01975,新兴印刷,01975.HK,HK
港股,01977,安乐工程,01977.HK,HK
港股,01978,叙福楼集团,01978.HK,HK
港股,01979,天宝集团,01979.HK,HK
港股,01980,天鸽互动,01980.HK,HK
港股,01981,华夏控股,01981.HK,HK
港股,01982,南旋控股,01982.HK,HK
港股,01983,泸州银行,01983.HK,HK
港股,01985,美高域,01985.HK,HK
港股,01986,彩客新能源,01986.HK,HK
港股,01987,BENG SOON MACH,01987.HK,HK
港股,01988,民生银行,01988.HK,HK
港股,01991,大洋集团,01991.HK,HK
港股,01993,雅仕维,01993.HK,HK
港股,01995,永升服务,01995.HK,HK
港股,01996,弘阳地产,01996.HK,HK
港股,01997,九龙仓置业,01997.HK,HK
港股,01999,敏华控股,01999.HK,HK
港股,02000,晨讯科技,02000.HK,HK
港股,02001,新高教集团,02001.HK,HK
港股,02002,阳光纸业,02002.HK,HK
港股,02003,维信金科,02003.HK,HK
港股,02005,石四药集团,02005.HK,HK
港股,02007,碧桂园,02007.HK,HK
港股,02008,凤凰卫视,02008.HK,HK
港股,02009,金隅集团,02009.HK,HK
港股,02011,进腾集团,02011.HK,HK
港股,02012,阳光油砂,02012.HK,HK
港股,02013,微盟集团,02013.HK,HK
港股,02015,理想汽车-W,02015.HK,HK
港股,02016,浙商银行,02016.HK,HK
港股,02017,沧海控股,02017.HK,HK
港股,02018,瑞声科技,02018.HK,HK
港股,02020,安踏体育,02020.HK,HK
港股,02022,游莱互动,02022.HK,HK
港股,02023,中国绿岛科技,02023.HK,HK
港股,02025,瑞丰动力,02025.HK,HK
港股,02026,小马智行-W,02026.HK,HK
港股,02028,映美控股,02028.HK,HK
港股,02030,卡宾,02030.HK,HK
港股,02031,澳至尊,02031.HK,HK
港股,02033,时计宝,02033.HK,HK
港股,02038,富智康集团,02038.HK,HK
港股,02039,中集集团,02039.HK,HK
港股,02048,易居企业控股,02048.HK,HK
港股,02050,三花智控,02050.HK,HK
港股,02051,VALA,02051.HK,HK
港股,02057,中通快递-W,02057.HK,HK
港股,02068,中铝国际,02068.HK,HK
港股,02076,BOSS直聘-W,02076.HK,HK
港股,02078,荣阳实业,02078.HK,HK
港股,02080,奥克斯国际,02080.HK,HK
港股,02086,高维科技,02086.HK,HK
港股,02088,西王置业,02088.HK,HK
港股,02096,先声药业,02096.HK,HK
港股,02097,蜜雪集团,02097.HK,HK
港股,02098,卓尔智联,02098.HK,HK
港股,02099,中国黄金国际,02099.HK,HK
港股,02100,百奥家庭互动,02100.HK,HK
港股,02101,福禄控股,02101.HK,HK
港股,02102,德利机械,02102.HK,HK
港股,02105,来凯医药-B,02105.HK,HK
港股,02107,第一服务控股,02107.HK,HK
港股,02108,K2 F&B,02108.HK,HK
港股,02110,天成控股,02110.HK,HK
港股,02111,超盈国际控股,02111.HK,HK
港股,02112,恩典生命科技,02112.HK,HK
港股,02113,世纪集团国际,02113.HK,HK
港股,02116,江苏创新,02116.HK,HK
港股,02119,捷荣国际控股,02119.HK,HK
港股,02120,康宁医院,02120.HK,HK
港股,02121,创新奇智,02121.HK,HK
港股,02122,凯知乐国际,02122.HK,HK
港股,02125,稻草熊娱乐,02125.HK,HK
港股,02126,药明巨诺-B,02126.HK,HK
港股,02127,汇森股份,02127.HK,HK
港股,02128,中国联塑,02128.HK,HK
港股,02129,LEGION CONSO,02129.HK,HK
港股,02130,嘉泓物流,02130.HK,HK
港股,02131,云想科技,02131.HK,HK
港股,02132,誉燊丰控股,02132.HK,HK
港股,02135,瑞丽医美,02135.HK,HK
港股,02136,利福中国,02136.HK,HK
港股,02137,腾盛博药-B,02137.HK,HK
港股,02138,医思健康,02138.HK,HK
港股,02139,甘肃银行,02139.HK,HK
港股,02142,和铂医药-B,02142.HK,HK
港股,02145,上美股份,02145.HK,HK
港股,02146,荣万家,02146.HK,HK
港股,02147,正味集团,02147.HK,HK
港股,02149,贝克微,02149.HK,HK
港股,02150,奈雪的茶,02150.HK,HK
港股,02152,苏新服务,02152.HK,HK
港股,02153,达丰设备,02153.HK,HK
港股,02155,森松国际,02155.HK,HK
港股,02156,建发物业,02156.HK,HK
港股,02157,乐普生物-B,02157.HK,HK
港股,02158,医渡科技,02158.HK,HK
港股,02159,麦迪卫康,02159.HK,HK
港股,02160,微创心通-B,02160.HK,HK
港股,02161,健倍苗苗,02161.HK,HK
港股,02162,康诺亚-B,02162.HK,HK
港股,02163,远大住工,02163.HK,HK
港股,02165,领悦服务集团,02165.HK,HK
港股,02166,芯智控股,02166.HK,HK
港股,02167,天润云,02167.HK,HK
港股,02168,佳兆业美好,02168.HK,HK
港股,02169,沧港铁路,02169.HK,HK
港股,02170,贝康医疗-B,02170.HK,HK
港股,02171,科济药业-B,02171.HK,HK
港股,02172,微创脑科学,02172.HK,HK
港股,02175,中国通才教育,02175.HK,HK
港股,02176,赛迪顾问,02176.HK,HK
港股,02177,优趣汇控股,02177.HK,HK
港股,02178,百勤油服,02178.HK,HK
港股,02179,瑞科生物-B,02179.HK,HK
港股,02180,万宝盛华,02180.HK,HK
港股,02181,迈博药业-B,02181.HK,HK
港股,02182,天长集团,02182.HK,HK
港股,02185,百心安-B,02185.HK,HK
港股,02186,绿叶制药,02186.HK,HK
港股,02187,智欣集团控股,02187.HK,HK
港股,02188,泰坦能源技术,02188.HK,HK
港股,02189,嘉涛(香港)控股,02189.HK,HK
港股,02190,归创通桥,02190.HK,HK
港股,02192,医脉通,02192.HK,HK
港股,02193,万景控股,02193.HK,HK
港股,02195,盈汇企业控股,02195.HK,HK
港股,02196,复星医药,02196.HK,HK
港股,02197,三叶草生物-B,02197.HK,HK
港股,02198,中国三江化工,02198.HK,HK
港股,02199,维珍妮,02199.HK,HK
港股,02202,万科企业,02202.HK,HK
港股,02203,脑洞科技,02203.HK,HK
港股,02205,康桥悦生活,02205.HK,HK
港股,02208,金风科技,02208.HK,HK
港股,02209,喆丽控股,02209.HK,HK
港股,02210,京城佳业,02210.HK,HK
港股,02211,大健康国际,02211.HK,HK
港股,02212,高鹏矿业,02212.HK,HK
港股,02215,德信服务集团,02215.HK,HK
港股,02216,堃博医疗-B,02216.HK,HK
港股,02218,安德利果汁,02218.HK,HK
港股,02219,朝聚眼科,02219.HK,HK
港股,02221,创业集团控股,02221.HK,HK
港股,02222,雷士国际,02222.HK,HK
港股,02223,卡撒天娇,02223.HK,HK
港股,02225,今海医疗科技,02225.HK,HK
港股,02226,老恒和酿造,02226.HK,HK
港股,02227,守益控股,02227.HK,HK
港股,02228,晶泰控股,02228.HK,HK
港股,02230,羚邦集团,02230.HK,HK
港股,02231,景业名邦集团,02231.HK,HK
港股,02232,晶苑国际,02232.HK,HK
港股,02233,西部水泥,02233.HK,HK
港股,02235,微泰医疗-B,02235.HK,HK
港股,02236,惠生工程,02236.HK,HK
港股,02237,中国石墨,02237.HK,HK
港股,02238,广汽集团,02238.HK,HK
港股,02239,国微控股,02239.HK,HK
港股,02245,力勤资源,02245.HK,HK
港股,02246,快狗打车,02246.HK,HK
港股,02250,小黄鸭德盈,02250.HK,HK
港股,02251,鹰瞳科技-B,02251.HK,HK
港股,02252,微创机器人-B,02252.HK,HK
港股,02255,海昌海洋公园,02255.HK,HK
港股,02256,和誉-B,02256.HK,HK
港股,02257,圣诺医药-B,02257.HK,HK
港股,02258,华滋国际海洋,02258.HK,HK
港股,02259,紫金黄金国际,02259.HK,HK
港股,02260,环龙控股,02260.HK,HK
港股,02262,梁志天设计集团,02262.HK,HK
港股,02263,富石金融,02263.HK,HK
港股,02265,鸿承环保科技,02265.HK,HK
港股,02266,黎氏企业,02266.HK,HK
港股,02268,药明合联,02268.HK,HK
港股,02269,药明生物,02269.HK,HK
港股,02270,德商产投服务,02270.HK,HK
港股,02271,众安智慧生活,02271.HK,HK
港股,02273,固生堂,02273.HK,HK
港股,02276,康耐特光学,02276.HK,HK
港股,02279,雍禾医疗,02279.HK,HK
港股,02280,慧聪集团,02280.HK,HK
港股,02281,兴泸水务,02281.HK,HK
港股,02282,美高梅中国,02282.HK,HK
港股,02283,东江集团控股,02283.HK,HK
港股,02285,泉峰控股,02285.HK,HK
港股,02286,辰兴发展,02286.HK,HK
港股,02288,宏基资本,02288.HK,HK
港股,02289,创美药业,02289.HK,HK
港股,02291,心泰医疗,02291.HK,HK
港股,02293,百本医护,02293.HK,HK
港股,02295,丰城控股,02295.HK,HK
港股,02297,润迈德-B,02297.HK,HK
港股,02298,都市丽人,02298.HK,HK
港股,02299,百宏实业,02299.HK,HK
港股,02302,中核国际,02302.HK,HK
港股,02306,乐华娱乐,02306.HK,HK
港股,02307,锦兴国际控股,02307.HK,HK
港股,02309,大象未来集团,02309.HK,HK
港股,02310,时代环球集团,02310.HK,HK
港股,02312,LONG投资集团,02312.HK,HK
港股,02313,申洲国际,02313.HK,HK
港股,02314,理文造纸,02314.HK,HK
港股,02315,百奥赛图-B,02315.HK,HK
港股,02317,味丹国际,02317.HK,HK
港股,02318,中国平安,02318.HK,HK
港股,02319,蒙牛乳业,02319.HK,HK
港股,02320,合丰集团,02320.HK,HK
港股,02321,双财庄,02321.HK,HK
港股,02322,新质数字,02322.HK,HK
港股,02323,融科控股,02323.HK,HK
港股,02324,首都创投,02324.HK,HK
港股,02325,云康集团,02325.HK,HK
港股,02326,新源万恒控股,02326.HK,HK
港股,02327,美瑞健康国际,02327.HK,HK
港股,02328,中国财险,02328.HK,HK
港股,02329,国瑞健康,02329.HK,HK
港股,02330,中国上城,02330.HK,HK
港股,02331,李宁,02331.HK,HK
港股,02333,长城汽车,02333.HK,HK
港股,02336,硕奥国际,02336.HK,HK
港股,02337,众诚能源,02337.HK,HK
港股,02338,潍柴动力,02338.HK,HK
港股,02339,京西国际,02339.HK,HK
港股,02340,升柏控股,02340.HK,HK
港股,02342,京信通信,02342.HK,HK
港股,02343,太平洋航运,02343.HK,HK
港股,02347,友和集团,02347.HK,HK
港股,02348,东瑞制药,02348.HK,HK
港股,02349,中国城市基础设施,02349.HK,HK
港股,02350,数科集团,02350.HK,HK
港股,02352,东原仁知服务,02352.HK,HK
港股,02355,宝业集团,02355.HK,HK
港股,02356,大新银行集团,02356.HK,HK
港股,02357,中航科工,02357.HK,HK
港股,02358,久融控股,02358.HK,HK
港股,02359,药明康德,02359.HK,HK
港股,02360,优品360,02360.HK,HK
港股,02361,中康控股,02361.HK,HK
港股,02362,金川国际,02362.HK,HK
港股,02363,通达宏泰,02363.HK,HK
港股,02367,巨子生物,02367.HK,HK
港股,02368,鹰美,02368.HK,HK
港股,02369,酷派集团,02369.HK,HK
港股,02370,力高健康生活,02370.HK,HK
港股,02371,创联控股,02371.HK,HK
港股,02372,伟立控股,02372.HK,HK
港股,02373,美丽田园医疗健康,02373.HK,HK
港股,02376,鲁商服务,02376.HK,HK
港股,02377,博奇环保,02377.HK,HK
港股,02378,保诚,02378.HK,HK
港股,02380,中国电力,02380.HK,HK
港股,02381,蚬壳电业,02381.HK,HK
港股,02382,舜宇光学科技,02382.HK,HK
港股,02383,TOM集团,02383.HK,HK
港股,02385,读书郎,02385.HK,HK
港股,02386,中石化炼化工程,02386.HK,HK
港股,02388,中银香港,02388.HK,HK
港股,02389,北京健康,02389.HK,HK
港股,02390,知乎-W,02390.HK,HK
港股,02391,涂鸦智能-W,02391.HK,HK
港股,02392,玄武云,02392.HK,HK
港股,02393,巨星医疗控股,02393.HK,HK
港股,02396,华芢生物-B,02396.HK,HK
港股,02399,中国安储能源,02399.HK,HK
港股,02400,心动公司,02400.HK,HK
港股,02402,亿华通,02402.HK,HK
港股,02405,力盟科技,02405.HK,HK
港股,02407,高视医疗,02407.HK,HK
港股,02408,遇见小面,02408.HK,HK
港股,02409,洲际船务,02409.HK,HK
港股,02410,同源康医药-B,02410.HK,HK
港股,02411,百果园集团,02411.HK,HK
港股,02415,梅斯健康,02415.HK,HK
港股,02416,易点云,02416.HK,HK
港股,02418,德银天下,02418.HK,HK
港股,02419,德康农牧,02419.HK,HK
港股,02420,子不语,02420.HK,HK
港股,02421,嘉创地产,02421.HK,HK
港股,02422,润歌互动,02422.HK,HK
港股,02423,贝壳-W,02423.HK,HK
港股,02425,澳亚集团,02425.HK,HK
港股,02427,GUANZE MEDICAL,02427.HK,HK
港股,02429,友宝在线,02429.HK,HK
港股,02431,佑驾创新,02431.HK,HK
港股,02432,越疆,02432.HK,HK
港股,02433,中天湖南集团,02433.HK,HK
港股,02436,凌雄科技,02436.HK,HK
港股,02438,出门问问,02438.HK,HK
港股,02439,中宝新材,02439.HK,HK
港股,02440,迷策略,02440.HK,HK
港股,02442,怡俊集团控股,02442.HK,HK
港股,02443,汽车街,02443.HK,HK
港股,02448,恒宇集团,02448.HK,HK
港股,02450,淮北绿金股份,02450.HK,HK
港股,02451,绿源集团控股,02451.HK,HK
港股,02453,美中嘉和,02453.HK,HK
港股,02455,润华服务,02455.HK,HK
港股,02457,步阳国际,02457.HK,HK
港股,02458,望尘科技控股,02458.HK,HK
港股,02459,升能集团,02459.HK,HK
港股,02460,华润饮料,02460.HK,HK
港股,02465,龙蟠科技,02465.HK,HK
港股,02469,粉笔,02469.HK,HK
港股,02473,喜相逢集团,02473.HK,HK
港股,02477,经纬天地,02477.HK,HK
港股,02479,天聚地合,02479.HK,HK
港股,02480,绿竹生物-B,02480.HK,HK
港股,02481,慧居科技,02481.HK,HK
港股,02482,维天运通,02482.HK,HK
港股,02483,K CASH集团,02483.HK,HK
港股,02486,普乐师集团控股,02486.HK,HK
港股,02487,科笛-B,02487.HK,HK
港股,02488,元征科技,02488.HK,HK
港股,02489,集海黄金,02489.HK,HK
港股,02490,乐舱物流,02490.HK,HK
港股,02495,声通科技,02495.HK,HK
港股,02496,友芝友生物-B,02496.HK,HK
港股,02497,富景中国控股,02497.HK,HK
港股,02498,速腾聚创,02498.HK,HK
港股,02499,佛朗斯股份,02499.HK,HK
港股,02500,启明医疗-B,02500.HK,HK
港股,02501,迈越科技,02501.HK,HK
港股,02502,金源氢化,02502.HK,HK
港股,02503,中深建业,02503.HK,HK
港股,02505,EDA集团控股,02505.HK,HK
港股,02506,讯飞医疗科技,02506.HK,HK
港股,02507,西锐,02507.HK,HK
港股,02508,圣贝拉,02508.HK,HK
港股,02509,荃信生物-B,02509.HK,HK
港股,02510,德翔海运,02510.HK,HK
港股,02511,君圣泰医药-B,02511.HK,HK
港股,02512,云工场,02512.HK,HK
港股,02513,智谱,02513.HK,HK
港股,02515,天津建发,02515.HK,HK
港股,02516,泛远国际,02516.HK,HK
港股,02517,锅圈,02517.HK,HK
港股,02518,汽车之家-S,02518.HK,HK
港股,02519,傲基股份,02519.HK,HK
港股,02520,山西安装,02520.HK,HK
港股,02521,升辉清洁,02521.HK,HK
港股,02522,一脉阳光,02522.HK,HK
港股,02525,禾赛-W,02525.HK,HK
港股,02528,尚晋国际控股,02528.HK,HK
港股,02529,泓盈城市服务,02529.HK,HK
港股,02530,纽曼思,02530.HK,HK
港股,02531,广联科技控股,02531.HK,HK
港股,02533,黑芝麻智能,02533.HK,HK
港股,02535,泓基集团,02535.HK,HK
港股,02536,百乐皇宫,02536.HK,HK
港股,02539,乐摩科技,02539.HK,HK
港股,02540,乐思集团,02540.HK,HK
港股,02543,大行科工,02543.HK,HK
港股,02545,中赣通信,02545.HK,HK
港股,02546,智汇矿业,02546.HK,HK
港股,02549,卡罗特,02549.HK,HK
港股,02550,宜搜科技,02550.HK,HK
港股,02551,晶科电子股份,02551.HK,HK
港股,02552,华领医药-B,02552.HK,HK
港股,02555,茶百道,02555.HK,HK
港股,02556,迈富时,02556.HK,HK
港股,02558,晋商银行,02558.HK,HK
港股,02559,嘀嗒出行,02559.HK,HK
港股,02560,海螺材料科技,02560.HK,HK
港股,02561,维昇药业-B,02561.HK,HK
港股,02562,狮腾控股,02562.HK,HK
港股,02563,华昊中天医药-B,02563.HK,HK
港股,02565,派格生物医药-B,02565.HK,HK
港股,02566,九源基因,02566.HK,HK
港股,02567,七牛智能,02567.HK,HK
港股,02569,舒宝国际,02569.HK,HK
港股,02570,重塑能源,02570.HK,HK
港股,02571,赛目科技,02571.HK,HK
港股,02573,新琪安,02573.HK,HK
港股,02575,轩竹生物-B,02575.HK,HK
港股,02576,太美医疗科技,02576.HK,HK
港股,02577,英诺赛科,02577.HK,HK
港股,02579,中伟新材,02579.HK,HK
港股,02580,奥克斯电气,02580.HK,HK
港股,02581,明基医院,02581.HK,HK
港股,02582,国富氢能,02582.HK,HK
港股,02583,西普尼,02583.HK,HK
港股,02585,梦金园,02585.HK,HK
港股,02586,多点数智,02586.HK,HK
港股,02587,健康之路,02587.HK,HK
港股,02588,中银航空租赁,02588.HK,HK
港股,02589,沪上阿姨,02589.HK,HK
港股,02590,极智嘉-W,02590.HK,HK
港股,02591,银诺医药-B,02591.HK,HK
港股,02592,拨康视云-B,02592.HK,HK
港股,02593,草姬集团,02593.HK,HK
港股,02595,劲方医药-B,02595.HK,HK
港股,02596,宜宾银行,02596.HK,HK
港股,02597,讯众通信,02597.HK,HK
港股,02598,连连数字,02598.HK,HK
港股,02600,中国铝业,02600.HK,HK
港股,02601,中国太保,02601.HK,HK
港股,02602,万物云,02602.HK,HK
港股,02603,吉宏股份,02603.HK,HK
港股,02605,METALIGHT,02605.HK,HK
港股,02607,上海医药,02607.HK,HK
港股,02608,阳光100中国,02608.HK,HK
港股,02609,佰泽医疗,02609.HK,HK
港股,02610,南山铝业国际,02610.HK,HK
港股,02611,国泰海通,02611.HK,HK
港股,02613,汇舸环保,02613.HK,HK
港股,02616,基石药业-B,02616.HK,HK
港股,02617,药捷安康-B,02617.HK,HK
港股,02618,京东物流,02618.HK,HK
港股,02619,香江电器,02619.HK,HK
港股,02621,手回集团,02621.HK,HK
港股,02623,爱德新能源,02623.HK,HK
港股,02625,江苏宏信,02625.HK,HK
港股,02627,中慧生物-B,02627.HK,HK
港股,02628,中国人寿,02628.HK,HK
港股,02629,MIRXES-B,02629.HK,HK
港股,02630,旺山旺水-B,02630.HK,HK
港股,02631,天岳先进,02631.HK,HK
港股,02633,雅各臣科研制药,02633.HK,HK
港股,02635,诺比侃,02635.HK,HK
港股,02637,海西新药,02637.HK,HK
港股,02643,曹操出行,02643.HK,HK
港股,02648,安井食品,02648.HK,HK
港股,02650,挚达科技,02650.HK,HK
港股,02651,大众口腔,02651.HK,HK
港股,02652,长风药业,02652.HK,HK
港股,02655,果下科技,02655.HK,HK
港股,02656,健康160,02656.HK,HK
港股,02657,林清轩,02657.HK,HK
港股,02658,天域半导体,02658.HK,HK
港股,02659,宝济药业-B,02659.HK,HK
港股,02660,禅游科技,02660.HK,HK
港股,02661,轻松健康,02661.HK,HK
港股,02663,应力控股,02663.HK,HK
港股,02665,图达通,02665.HK,HK
港股,02666,环球医疗,02666.HK,HK
港股,02668,百德国际,02668.HK,HK
港股,02669,中海物业,02669.HK,HK
港股,02670,云迹,02670.HK,HK
港股,02671,美联股份,02671.HK,HK
港股,02675,精锋医疗-B,02675.HK,HK
港股,02676,纳芯微,02676.HK,HK
港股,02677,卓正医疗,02677.HK,HK
港股,02678,天虹国际集团,02678.HK,HK
港股,02680,创升控股,02680.HK,HK
港股,02682,润利海事,02682.HK,HK
港股,02683,华新手袋国际控股,02683.HK,HK
港股,02685,量化派,02685.HK,HK
港股,02687,卓越睿新,02687.HK,HK
港股,02688,新奥能源,02688.HK,HK
港股,02689,玖龙纸业,02689.HK,HK
港股,02691,南华期货股份,02691.HK,HK
港股,02693,金岩高岭新材,02693.HK,HK
港股,02695,印象大红袍,02695.HK,HK
港股,02696,复宏汉霖,02696.HK,HK
港股,02698,乐舒适,02698.HK,HK
港股,02699,新明中国,02699.HK,HK
港股,02700,格林国际控股,02700.HK,HK
港股,02706,海致科技集团,02706.HK,HK
港股,02714,牧原股份,02714.HK,HK
港股,02718,明略科技-W,02718.HK,HK
港股,02720,乐欣户外,02720.HK,HK
港股,02722,重庆机电,02722.HK,HK
港股,02727,上海电气,02727.HK,HK
港股,02728,金泰能源控股,02728.HK,HK
港股,02738,华津国际控股,02738.HK,HK
港股,02768,国恩科技,02768.HK,HK
港股,02772,中梁控股,02772.HK,HK
港股,02777,富力地产,02777.HK,HK
港股,02779,中国新华教育,02779.HK,HK
港股,02788,创新实业,02788.HK,HK
港股,02789,远大中国,02789.HK,HK
港股,02798,久泰邦达能源,02798.HK,HK
港股,02799,中信金融资产,02799.HK,HK
港股,02858,易鑫集团,02858.HK,HK
港股,02863,高丰集团控股,02863.HK,HK
港股,02865,钧达股份,02865.HK,HK
港股,02866,中远海发,02866.HK,HK
港股,02869,绿城服务,02869.HK,HK
港股,02877,神威药业,02877.HK,HK
港股,02878,晶门半导体,02878.HK,HK
港股,02880,辽港股份,02880.HK,HK
港股,02881,武汉有机,02881.HK,HK
港股,02882,金至尊集团,02882.HK,HK
港股,02883,中海油田服务,02883.HK,HK
港股,02885,彼岸控股,02885.HK,HK
港股,02886,滨海投资,02886.HK,HK
港股,02888,渣打集团,02888.HK,HK
港股,02889,博泰车联,02889.HK,HK
港股,02892,万城控股,02892.HK,HK
港股,02898,盛禾生物-B,02898.HK,HK
港股,02899,紫金矿业,02899.HK,HK
港股,03200,大族数控,03200.HK,HK
港股,03288,海天味业,03288.HK,HK
港股,03300,中国玻璃,03300.HK,HK
港股,03301,融信中国,03301.HK,HK
港股,03302,精技集团,03302.HK,HK
港股,03303,巨涛海洋石油服务,03303.HK,HK
港股,03306,江南布衣,03306.HK,HK
港股,03309,希玛医疗,03309.HK,HK
港股,03311,中国建筑国际,03311.HK,HK
港股,03313,雅高控股,03313.HK,HK
港股,03315,金邦达宝嘉,03315.HK,HK
港股,03316,滨江服务,03316.HK,HK
港股,03317,迅策,03317.HK,HK
港股,03318,中国波顿,03318.HK,HK
港股,03319,雅生活服务,03319.HK,HK
港股,03320,华润医药,03320.HK,HK
港股,03321,伟鸿集团控股,03321.HK,HK
港股,03322,永嘉集团,03322.HK,HK
港股,03323,中国建材,03323.HK,HK
港股,03328,交通银行,03328.HK,HK
港股,03329,交银国际,03329.HK,HK
港股,03330,灵宝黄金,03330.HK,HK
港股,03332,中生联合,03332.HK,HK
港股,03336,巨腾国际,03336.HK,HK
港股,03337,安东油田服务,03337.HK,HK
港股,03339,中国龙工,03339.HK,HK
港股,03347,泰格医药,03347.HK,HK
港股,03348,中国鹏飞集团,03348.HK,HK
港股,03360,远东宏信,03360.HK,HK
港股,03363,正业国际,03363.HK,HK
港股,03366,华侨城(亚洲),03366.HK,HK
港股,03368,百盛集团,03368.HK,HK
港股,03369,秦港股份,03369.HK,HK
港股,03377,远洋集团,03377.HK,HK
港股,03378,翰思艾泰-B,03378.HK,HK
港股,03380,龙光集团,03380.HK,HK
港股,03382,天津港发展,03382.HK,HK
港股,03383,雅居乐集团,03383.HK,HK
港股,03389,亨得利,03389.HK,HK
港股,03390,满贯集团,03390.HK,HK
港股,03393,威胜控股,03393.HK,HK
港股,03395,吉星新能源,03395.HK,HK
港股,03396,联想控股,03396.HK,HK
港股,03398,华鼎控股,03398.HK,HK
港股,03399,粤运交通,03399.HK,HK
港股,03600,现代牙科,03600.HK,HK
港股,03601,鲁大师,03601.HK,HK
港股,03603,信基沙溪,03603.HK,HK
港股,03606,福耀玻璃,03606.HK,HK
港股,03613,同仁堂国药,03613.HK,HK
港股,03616,恒达集团控股,03616.HK,HK
港股,03618,重庆农村商业银行,03618.HK,HK
港股,03623,中国金融发展,03623.HK,HK
港股,03626,启明东方控股,03626.HK,HK
港股,03628,仁恒实业控股,03628.HK,HK
港股,03633,中裕能源,03633.HK,HK
港股,03636,金浔资源,03636.HK,HK
港股,03638,亨利加集团,03638.HK,HK
港股,03639,亿达中国,03639.HK,HK
港股,03650,KEEP,03650.HK,HK
港股,03658,新希望服务,03658.HK,HK
港股,03660,奇富科技-S,03660.HK,HK
港股,03662,星悦康旅,03662.HK,HK
港股,03666,上海小南国,03666.HK,HK
港股,03668,兖煤澳大利亚,03668.HK,HK
港股,03669,永达汽车,03669.HK,HK
港股,03677,正力新能,03677.HK,HK
港股,03678,弘业期货,03678.HK,HK
港股,03680,瑞和数智,03680.HK,HK
港股,03681,中国抗体-B,03681.HK,HK
港股,03683,荣丰亿控股,03683.HK,HK
港股,03686,祈福生活服务,03686.HK,HK
港股,03688,莱蒙国际,03688.HK,HK
港股,03689,康华医疗,03689.HK,HK
港股,03690,美团-W,03690.HK,HK
港股,03692,翰森制药,03692.HK,HK
港股,03696,英矽智能,03696.HK,HK
港股,03698,徽商银行,03698.HK,HK
港股,03699,光大永年,03699.HK,HK
港股,03700,映宇宙,03700.HK,HK
港股,03708,中国供应链产业,03708.HK,HK
港股,03709,赢家时尚,03709.HK,HK
港股,03718,北控城市资源,03718.HK,HK
港股,03728,正利控股,03728.HK,HK
港股,03737,中智药业,03737.HK,HK
港股,03738,阜博集团,03738.HK,HK
港股,03750,宁德时代,03750.HK,HK
港股,03759,康龙化成,03759.HK,HK
港股,03768,滇池水务,03768.HK,HK
港股,03773,银盛数惠,03773.HK,HK
港股,03778,中国织材控股,03778.HK,HK
港股,03788,中国罕王,03788.HK,HK
港股,03789,御佳控股,03789.HK,HK
港股,03798,家乡互动,03798.HK,HK
港股,03800,协鑫科技,03800.HK,HK
港股,03808,中国重汽,03808.HK,HK
港股,03813,宝胜国际,03813.HK,HK
港股,03816,KFM金德,03816.HK,HK
港股,03818,中国动向,03818.HK,HK
港股,03822,三和建筑集团,03822.HK,HK
港股,03828,明辉国际,03828.HK,HK
港股,03830,童园国际,03830.HK,HK
港股,03833,新疆新鑫矿业,03833.HK,HK
港股,03836,和谐汽车,03836.HK,HK
港股,03838,中国淀粉,03838.HK,HK
港股,03839,正大企业国际,03839.HK,HK
港股,03848,浩森金融科技,03848.HK,HK
港股,03858,佳鑫国际资源,03858.HK,HK
港股,03860,EPS创健科技,03860.HK,HK
港股,03866,青岛银行,03866.HK,HK
港股,03868,信义能源,03868.HK,HK
港股,03869,弘和仁爱医疗,03869.HK,HK
港股,03877,中国船舶租赁,03877.HK,HK
港股,03878,VICON HOLDINGS,03878.HK,HK
港股,03880,泰德医药,03880.HK,HK
港股,03881,希迪智驾,03881.HK,HK
港股,03882,天彩控股,03882.HK,HK
港股,03883,中国奥园,03883.HK,HK
港股,03886,康健国际医疗,03886.HK,HK
港股,03887,HASHKEY HLDGS,03887.HK,HK
港股,03888,金山软件,03888.HK,HK
港股,03889,大成玉米集团,03889.HK,HK
港股,03893,易纬集团,03893.HK,HK
港股,03896,金山云,03896.HK,HK
港股,03898,时代电气,03898.HK,HK
港股,03899,中集安瑞科,03899.HK,HK
港股,03900,绿城中国,03900.HK,HK
港股,03903,瀚华金控,03903.HK,HK
港股,03908,中金公司,03908.HK,HK
港股,03913,合景悠活,03913.HK,HK
港股,03918,金界控股,03918.HK,HK
港股,03919,金力集团,03919.HK,HK
港股,03928,中国新零售供应链,03928.HK,HK
港股,03931,中创新航,03931.HK,HK
港股,03933,联邦制药,03933.HK,HK
港股,03938,LFG投资控股,03938.HK,HK
港股,03939,万国黄金集团,03939.HK,HK
港股,03958,东方证券,03958.HK,HK
港股,03963,融众金融,03963.HK,HK
港股,03968,招商银行,03968.HK,HK
港股,03969,中国通号,03969.HK,HK
港股,03978,卓越教育集团,03978.HK,HK
港股,03983,中海石油化学,03983.HK,HK
港股,03986,兆易创新,03986.HK,HK
港股,03988,中国银行,03988.HK,HK
港股,03989,首创环境,03989.HK,HK
港股,03990,美的置业,03990.HK,HK
港股,03991,长虹佳华,03991.HK,HK
港股,03993,洛阳钼业,03993.HK,HK
港股,03996,中国能源建设,03996.HK,HK
港股,03997,电讯首科,03997.HK,HK
港股,03998,波司登,03998.HK,HK
港股,03999,大成食品,03999.HK,HK
港股,06030,中信证券,06030.HK,HK
港股,06031,三一重工,06031.HK,HK
港股,06033,电讯数码控股,06033.HK,HK
港股,06036,光丽科技,06036.HK,HK
港股,06038,信越控股,06038.HK,HK
港股,06049,保利物业,06049.HK,HK
港股,06055,中烟香港,06055.HK,HK
港股,06058,兴证国际,06058.HK,HK
港股,06060,众安在线,06060.HK,HK
港股,06063,智中国际,06063.HK,HK
港股,06066,中信建投证券,06066.HK,HK
港股,06068,光正教育,06068.HK,HK
港股,06069,盛业,06069.HK,HK
港股,06078,海吉亚医疗,06078.HK,HK
港股,06080,荣智控股,06080.HK,HK
港股,06082,壁仞科技,06082.HK,HK
港股,06083,环宇物流(亚洲),06083.HK,HK
港股,06086,方舟健客,06086.HK,HK
港股,06088,FIT HON TENG,06088.HK,HK
港股,06090,不同集团,06090.HK,HK
港股,06093,和泓服务,06093.HK,HK
港股,06098,碧桂园服务,06098.HK,HK
港股,06099,招商证券,06099.HK,HK
港股,06100,同道猎聘,06100.HK,HK
港股,06108,新锐医药,06108.HK,HK
港股,06110,滔搏,06110.HK,HK
港股,06113,比特策略,06113.HK,HK
港股,06117,日照港裕廊,06117.HK,HK
港股,06118,奥星生命科技,06118.HK,HK
港股,06119,天源集团,06119.HK,HK
港股,06123,圆通国际快递,06123.HK,HK
港股,06127,昭衍新药,06127.HK,HK
港股,06128,烯石电车新材料,06128.HK,HK
港股,06133,维太创科,06133.HK,HK
港股,06136,康达环保,06136.HK,HK
港股,06138,哈尔滨银行,06138.HK,HK
港股,06158,正荣地产,06158.HK,HK
港股,06160,百济神州,06160.HK,HK
港股,06162,天瑞汽车内饰,06162.HK,HK
港股,06163,彭顺国际,06163.HK,HK
港股,06166,剑桥科技,06166.HK,HK
港股,06168,周六福,06168.HK,HK
港股,06169,宇华教育,06169.HK,HK
港股,06178,光大证券,06178.HK,HK
港股,06181,老铺黄金,06181.HK,HK
港股,06182,乙德投资控股,06182.HK,HK
港股,06185,康希诺生物,06185.HK,HK
港股,06186,中国飞鹤,06186.HK,HK
港股,06188,迪信通,06188.HK,HK
港股,06189,爱得威建设集团,06189.HK,HK
港股,06190,九江银行,06190.HK,HK
港股,06193,泰林科建,06193.HK,HK
港股,06196,郑州银行,06196.HK,HK
港股,06198,青岛港,06198.HK,HK
港股,06199,贵州银行,06199.HK,HK
港股,06600,卧安机器人,06600.HK,HK
港股,06601,朝云集团,06601.HK,HK
港股,06603,IFBH,06603.HK,HK
港股,06608,百融云-W,06608.HK,HK
港股,06609,心玮医疗-B,06609.HK,HK
港股,06610,飞天云动,06610.HK,HK
港股,06611,三巽集团,06611.HK,HK
港股,06613,蓝思科技,06613.HK,HK
港股,06616,环球新材国际,06616.HK,HK
港股,06618,京东健康,06618.HK,HK
港股,06622,兆科眼科-B,06622.HK,HK
港股,06623,陆控,06623.HK,HK
港股,06626,越秀服务,06626.HK,HK
港股,06628,创胜集团-B,06628.HK,HK
港股,06633,青瓷游戏,06633.HK,HK
港股,06639,瑞尔集团,06639.HK,HK
港股,06651,五一视界,06651.HK,HK
港股,06655,华新建材,06655.HK,HK
港股,06657,百望股份,06657.HK,HK
港股,06660,艾美疫苗,06660.HK,HK
港股,06661,湖州燃气,06661.HK,HK
港股,06663,国际永胜集团,06663.HK,HK
港股,06666,恒大物业,06666.HK,HK
港股,06667,美因基因,06667.HK,HK
港股,06668,星盛商业,06668.HK,HK
港股,06669,先瑞达医疗-B,06669.HK,HK
港股,06676,找钢集团-W,06676.HK,HK
港股,06677,远洋服务,06677.HK,HK
港股,06680,金力永磁,06680.HK,HK
港股,06681,脑动极光-B,06681.HK,HK
港股,06682,范式智能,06682.HK,HK
港股,06683,巨星传奇,06683.HK,HK
港股,06686,诺亚控股,06686.HK,HK
港股,06687,聚水潭,06687.HK,HK
港股,06690,海尔智家,06690.HK,HK
港股,06693,赤峰黄金,06693.HK,HK
港股,06696,多想云,06696.HK,HK
港股,06698,星空华文,06698.HK,HK
港股,06699,时代天使,06699.HK,HK
港股,06805,金茂源环保,06805.HK,HK
港股,06806,申万宏源,06806.HK,HK
港股,06808,高鑫零售,06808.HK,HK
港股,06809,澜起科技,06809.HK,HK
港股,06811,太兴集团,06811.HK,HK
港股,06812,永顺控股香港,06812.HK,HK
港股,06816,瑞港建设,06816.HK,HK
港股,06818,中国光大银行,06818.HK,HK
港股,06820,友谊时光,06820.HK,HK
港股,06821,凯莱英,06821.HK,HK
港股,06822,科劲国际,06822.HK,HK
港股,06826,昊海生物科技,06826.HK,HK
港股,06828,北京燃气蓝天,06828.HK,HK
港股,06829,龙升集团控股,06829.HK,HK
港股,06830,华众车载,06830.HK,HK
港股,06831,绿茶集团,06831.HK,HK
港股,06833,兴科蓉医药,06833.HK,HK
港股,06838,盈利时,06838.HK,HK
港股,06839,云南水务,06839.HK,HK
港股,06855,亚盛医药-B,06855.HK,HK
港股,06858,本间高尔夫,06858.HK,HK
港股,06860,指尖悦动,06860.HK,HK
港股,06862,海底捞,06862.HK,HK
港股,06865,福莱特玻璃,06865.HK,HK
港股,06866,佐力小贷,06866.HK,HK
港股,06868,天福,06868.HK,HK
港股,06869,长飞光纤光缆,06869.HK,HK
港股,06877,TE HEALTHCARE,06877.HK,HK
港股,06878,鼎丰集团汽车,06878.HK,HK
港股,06881,中国银河,06881.HK,HK
港股,06882,东瀛游,06882.HK,HK
港股,06883,颖通控股,06883.HK,HK
港股,06885,金马能源,06885.HK,HK
港股,06886,HTSC,06886.HK,HK
港股,06887,东阳光药,06887.HK,HK
港股,06888,英达公路再生科技,06888.HK,HK
港股,06889,DYNAM JAPAN,06889.HK,HK
港股,06890,康利国际控股,06890.HK,HK
港股,06893,衍生集团,06893.HK,HK
港股,06896,金嗓子,06896.HK,HK
港股,06898,中国铝罐,06898.HK,HK
港股,06899,联众,06899.HK,HK
港股,06908,宏光半导体,06908.HK,HK
港股,06909,百得利控股,06909.HK,HK
港股,06911,澜沧古茶,06911.HK,HK
港股,06913,华南职业教育,06913.HK,HK
港股,06918,奇士达,06918.HK,HK
港股,06919,人瑞人才,06919.HK,HK
港股,06922,康沣生物-B,06922.HK,HK
港股,06928,万马控股,06928.HK,HK
港股,06929,业聚医疗,06929.HK,HK
港股,06933,新娱科控股,06933.HK,HK
港股,06936,顺丰控股,06936.HK,HK
港股,06938,瑞博生物-B,06938.HK,HK
港股,06939,美佳音控股,06939.HK,HK
港股,06955,博安生物,06955.HK,HK
港股,06958,正荣服务,06958.HK,HK
港股,06959,长久股份,06959.HK,HK
港股,06960,双登股份,06960.HK,HK
港股,06963,阳光保险,06963.HK,HK
港股,06966,中国万桐园,06966.HK,HK
港股,06968,港龙中国地产,06968.HK,HK
港股,06969,思摩尔国际,06969.HK,HK
港股,06978,永泰生物-B,06978.HK,HK
港股,06979,珍酒李渡,06979.HK,HK
港股,06980,八马茶业,06980.HK,HK
港股,06988,乐享集团,06988.HK,HK
港股,06989,卓越商企服务,06989.HK,HK
港股,06990,科伦博泰生物-B,06990.HK,HK
港股,06993,蓝月亮集团,06993.HK,HK
港股,06996,德琪医药-B,06996.HK,HK
港股,06998,亿腾嘉和,06998.HK,HK
港股,06999,领地控股,06999.HK,HK
港股,07618,京东工业,07618.HK,HK
港股,08003,世大控股,08003.HK,HK
港股,08005,裕兴科技,08005.HK,HK
港股,08006,华泰瑞银,08006.HK,HK
港股,08007,环球战略集团,08007.HK,HK
港股,08013,ECI TECH,08013.HK,HK
港股,08017,捷利交易宝,08017.HK,HK
港股,08018,汇财金融投资,08018.HK,HK
港股,08019,皓文控股,08019.HK,HK
港股,08020,宏海控股集团,08020.HK,HK
港股,08021,汇隆控股,08021.HK,HK
港股,08023,邝文记,08023.HK,HK
港股,08026,朗华国际集团,08026.HK,HK
港股,08027,吉辉控股,08027.HK,HK
港股,08028,天时资源,08028.HK,HK
港股,08029,帝国金融集团,08029.HK,HK
港股,08030,丰银禾控股,08030.HK,HK
港股,08031,易通讯集团,08031.HK,HK
港股,08033,爱达利网络,08033.HK,HK
港股,08035,骏高控股,08035.HK,HK
港股,08036,电子交易集团,08036.HK,HK
港股,08037,中国生物科技服务,08037.HK,HK
港股,08039,中国来骑哦,08039.HK,HK
港股,08040,快意智能,08040.HK,HK
港股,08041,中微智码,08041.HK,HK
港股,08042,高奥士国际,08042.HK,HK
港股,08043,ATLINKS,08043.HK,HK
港股,08047,中国海洋发展,08047.HK,HK
港股,08048,御德国际控股,08048.HK,HK
港股,08049,吉林长龙药业,08049.HK,HK
港股,08050,城市酷选,08050.HK,HK
港股,08051,讯智海,08051.HK,HK
港股,08052,陆庆娱乐,08052.HK,HK
港股,08056,生活概念,08056.HK,HK
港股,08057,麦迪森控股,08057.HK,HK
港股,08059,朝威控股,08059.HK,HK
港股,08060,国联通信,08060.HK,HK
港股,08062,俊盟国际,08062.HK,HK
港股,08063,环球大通集团,08063.HK,HK
港股,08065,高萌科技,08065.HK,HK
港股,08066,品创控股,08066.HK,HK
港股,08067,东方大学城控股,08067.HK,HK
港股,08069,飞道旅游科技,08069.HK,HK
港股,08070,侨洋国际控股,08070.HK,HK
港股,08071,中彩网通控股,08071.HK,HK
港股,08072,罗马元宇宙集团,08072.HK,HK
港股,08073,水发兴业新材料,08073.HK,HK
港股,08076,新利软件,08076.HK,HK
港股,08079,仍志集团控股,08079.HK,HK
港股,08080,北亚策略,08080.HK,HK
港股,08081,恒泰裕集团,08081.HK,HK
港股,08082,擎华控股,08082.HK,HK
港股,08083,有赞,08083.HK,HK
港股,08087,中国三三传媒,08087.HK,HK
港股,08091,奥传思维控股,08091.HK,HK
港股,08092,ITE HOLDINGS,08092.HK,HK
港股,08093,瓦普思瑞元宇宙,08093.HK,HK
港股,08095,北大青鸟环宇,08095.HK,HK
港股,08096,赏之味,08096.HK,HK
港股,08098,昌利控股,08098.HK,HK
港股,08100,名科国际,08100.HK,HK
港股,08103,HMVOD视频,08103.HK,HK
港股,08106,芯化兰德,08106.HK,HK
港股,08107,细叶榕科技,08107.HK,HK
港股,08111,中国科技产业集团,08111.HK,HK
港股,08112,基石金融,08112.HK,HK
港股,08113,时腾科技,08113.HK,HK
港股,08115,上海青浦消防,08115.HK,HK
港股,08117,中国基础能源,08117.HK,HK
港股,08118,濠亮环球,08118.HK,HK
港股,08120,国农金融投资,08120.HK,HK
港股,08121,国恩控股,08121.HK,HK
港股,08123,华亿金控,08123.HK,HK
港股,08125,中新控股,08125.HK,HK
港股,08126,G.A.控股,08126.HK,HK
港股,08128,中国恒有源集团,08128.HK,HK
港股,08130,大地国际集团,08130.HK,HK
港股,08131,辰罡科技,08131.HK,HK
港股,08132,百能国际能源,08132.HK,HK
港股,08133,吉盛集团控股,08133.HK,HK
港股,08136,英马斯集团,08136.HK,HK
港股,08137,洪桥集团,08137.HK,HK
港股,08139,长安仁恒,08139.HK,HK
港股,08140,人和科技,08140.HK,HK
港股,08143,金威医疗,08143.HK,HK
港股,08146,怡园酒业,08146.HK,HK
港股,08147,汇思太平洋,08147.HK,HK
港股,08148,悟喜生活,08148.HK,HK
港股,08149,浩德控股,08149.HK,HK
港股,08152,明梁控股,08152.HK,HK
港股,08153,嘉鼎国际集团,08153.HK,HK
港股,08156,国药科技股份,08156.HK,HK
港股,08158,中国再生医学,08158.HK,HK
港股,08159,新华联合投资,08159.HK,HK
港股,08160,GOLDWAY EDU,08160.HK,HK
港股,08161,医汇集团,08161.HK,HK
港股,08162,港银控股,08162.HK,HK
港股,08163,声扬集团,08163.HK,HK
港股,08168,宝积资本,08168.HK,HK
港股,08169,环康集团,08169.HK,HK
港股,08172,拉近网娱,08172.HK,HK
港股,08173,客思控股,08173.HK,HK
港股,08176,超人智能,08176.HK,HK
港股,08178,中国信息科技,08178.HK,HK
港股,08179,百利达集团控股,08179.HK,HK
港股,08181,港深智能管理,08181.HK,HK
港股,08186,曼妠,08186.HK,HK
港股,08187,积木集团,08187.HK,HK
港股,08188,骏杰集团控股,08188.HK,HK
港股,08189,泰达生物,08189.HK,HK
港股,08191,鸿伟亚洲,08191.HK,HK
港股,08193,亚太金融投资,08193.HK,HK
港股,08195,传承教育集团,08195.HK,HK
港股,08196,福田股份,08196.HK,HK
港股,08198,加幂科技,08198.HK,HK
港股,08200,修身堂,08200.HK,HK
港股,08201,宝联控股,08201.HK,HK
港股,08203,凯顺控股,08203.HK,HK
港股,08205,交大慧谷,08205.HK,HK
港股,08206,神通机器人教育,08206.HK,HK
港股,08208,WMCH GLOBAL,08208.HK,HK
港股,08210,衍汇亚洲,08210.HK,HK
港股,08211,浙江永安,08211.HK,HK
港股,08213,荣晖控股,08213.HK,HK
港股,08217,菊福堂生物,08217.HK,HK
港股,08218,毅高国际控股,08218.HK,HK
港股,08219,恒伟集团控股,08219.HK,HK
港股,08220,比高集团,08220.HK,HK
港股,08221,高裕金融,08221.HK,HK
港股,08222,壹照明,08222.HK,HK
港股,08223,紫元元,08223.HK,HK
港股,08225,中国医疗集团,08225.HK,HK
港股,08226,树熊金融集团,08226.HK,HK
港股,08227,海天天线,08227.HK,HK
港股,08229,未来数据集团,08229.HK,HK
港股,08232,一木集团,08232.HK,HK
港股,08237,华星控股,08237.HK,HK
港股,08238,惠陶集团,08238.HK,HK
港股,08239,首都金融控股,08239.HK,HK
港股,08241,英记茶庄集团,08241.HK,HK
港股,08245,烽翼集团,08245.HK,HK
港股,08246,中华燃气,08246.HK,HK
港股,08247,中生北控生物科技,08247.HK,HK
港股,08249,瑞远智控,08249.HK,HK
港股,08250,都都控股,08250.HK,HK
港股,08257,靖洋集团,08257.HK,HK
港股,08262,宏强控股,08262.HK,HK
港股,08267,蓝港互动,08267.HK,HK
港股,08268,智城发展控股,08268.HK,HK
港股,08269,倍升教育科技,08269.HK,HK
港股,08270,中国煤层气,08270.HK,HK
港股,08271,环球数码创意,08271.HK,HK
港股,08275,中国新消费集团,08275.HK,HK
港股,08277,骏东控股,08277.HK,HK
港股,08279,亚博科技控股,08279.HK,HK
港股,08280,中国数字视频,08280.HK,HK
港股,08281,中国金典集团,08281.HK,HK
港股,08282,智傲控股,08282.HK,HK
港股,08283,中食民安,08283.HK,HK
港股,08285,森浩集团,08285.HK,HK
港股,08286,长城微光,08286.HK,HK
港股,08290,亚势备份,08290.HK,HK
港股,08291,港娱国际,08291.HK,HK
港股,08292,VSING,08292.HK,HK
港股,08293,星亚控股,08293.HK,HK
港股,08295,金慧科技,08295.HK,HK
港股,08296,中国生命集团,08296.HK,HK
港股,08297,海纳星空科技,08297.HK,HK
港股,08299,大唐黄金,08299.HK,HK
港股,08300,今米房集团,08300.HK,HK
港股,08305,圣唐控股,08305.HK,HK
港股,08307,密迪斯肌,08307.HK,HK
港股,08308,古兜控股,08308.HK,HK
港股,08309,万成环球控股,08309.HK,HK
港股,08310,盐城港,08310.HK,HK
港股,08311,圆美光电,08311.HK,HK
港股,08313,杰地集团,08313.HK,HK
港股,08315,新都酒店,08315.HK,HK
港股,08316,中国红包,08316.HK,HK
港股,08317,财华社集团,08317.HK,HK
港股,08319,思博系统,08319.HK,HK
港股,08320,沛然环保,08320.HK,HK
港股,08321,泰锦控股,08321.HK,HK
港股,08326,同景新能源,08326.HK,HK
港股,08328,信义储电,08328.HK,HK
港股,08329,海王英特龙,08329.HK,HK
港股,08331,倍搏集团,08331.HK,HK
港股,08333,阿仕特朗金融,08333.HK,HK
港股,08337,直通电讯,08337.HK,HK
港股,08340,紫荆国际金融,08340.HK,HK
港股,08341,艾硕控股,08341.HK,HK
港股,08347,F8企业,08347.HK,HK
港股,08348,滨海泰达物流,08348.HK,HK
港股,08349,硅鑫集团,08349.HK,HK
港股,08350,立桥证券控股,08350.HK,HK
港股,08356,进业控股,08356.HK,HK
港股,08357,REPUBLIC HC,08357.HK,HK
港股,08360,简朴新生活,08360.HK,HK
港股,08362,运兴泰集团,08362.HK,HK
港股,08365,亦辰集团,08365.HK,HK
港股,08366,浙江联合投资,08366.HK,HK
港股,08367,倩碧控股,08367.HK,HK
港股,08368,中国创意控股,08368.HK,HK
港股,08370,智昇集团控股,08370.HK,HK
港股,08371,尝高美集团,08371.HK,HK
港股,08372,君百延集团,08372.HK,HK
港股,08373,靛蓝星,08373.HK,HK
港股,08375,数盟资本,08375.HK,HK
港股,08377,维港育马,08377.HK,HK
港股,08379,盈证国际,08379.HK,HK
港股,08385,万里印刷,08385.HK,HK
港股,08391,基石科技控股,08391.HK,HK
港股,08392,舍图控股,08392.HK,HK
港股,08395,中显智能齐家控股,08395.HK,HK
港股,08400,亚洲先锋娱乐,08400.HK,HK
港股,08401,源想集团,08401.HK,HK
港股,08402,高原之宝,08402.HK,HK
港股,08403,天平道合,08403.HK,HK
港股,08406,中国口腔产业,08406.HK,HK
港股,08411,K W NELSON GP,08411.HK,HK
港股,08412,新爱德集团,08412.HK,HK
港股,08413,亚洲富思,08413.HK,HK
港股,08416,HM INTL HLDGS,08416.HK,HK
港股,08417,大地教育,08417.HK,HK
港股,08418,傲迪玛汽车,08418.HK,HK
港股,08419,AV策划推广,08419.HK,HK
港股,08420,NEXION TECH,08420.HK,HK
港股,08422,WT集团,08422.HK,HK
港股,08423,CHI HO DEV,08423.HK,HK
港股,08425,兴铭控股,08425.HK,HK
港股,08426,雅居投资控股,08426.HK,HK
港股,08427,万顺瑞强集团,08427.HK,HK
港股,08428,汉诺佳池,08428.HK,HK
港股,08429,华美乐乐,08429.HK,HK
港股,08430,春能控股,08430.HK,HK
港股,08431,浩柏国际,08431.HK,HK
港股,08432,太平洋酒吧,08432.HK,HK
港股,08436,德宝集团控股,08436.HK,HK
港股,08437,德斯控股,08437.HK,HK
港股,08439,新百利融资,08439.HK,HK
港股,08445,怡康泰工程集团,08445.HK,HK
港股,08446,耀星科技集团,08446.HK,HK
港股,08447,MS CONCEPT,08447.HK,HK
港股,08448,环球印馆,08448.HK,HK
港股,08450,钜京控股,08450.HK,HK
港股,08451,日光控股,08451.HK,HK
港股,08452,富银融资股份,08452.HK,HK
港股,08455,礼建德集团,08455.HK,HK
港股,08456,民信国际控股,08456.HK,HK
港股,08460,基地锦标集团,08460.HK,HK
港股,08462,中安控股集团,08462.HK,HK
港股,08471,新达控股,08471.HK,HK
港股,08472,立高控股,08472.HK,HK
港股,08473,弥明生活百货,08473.HK,HK
港股,08475,易站绿色科技,08475.HK,HK
港股,08480,飞霓控股,08480.HK,HK
港股,08481,盛龙锦秀国际,08481.HK,HK
港股,08482,万励达,08482.HK,HK
港股,08483,名仕快相,08483.HK,HK
港股,08487,ISP GLOBAL,08487.HK,HK
港股,08489,裕程物流,08489.HK,HK
港股,08490,骏码半导体,08490.HK,HK
港股,08491,COOL LINK,08491.HK,HK
港股,08493,炙龙控股,08493.HK,HK
港股,08495,1957 & CO.,08495.HK,HK
港股,08496,环球友饮智能,08496.HK,HK
港股,08500,天泓文创,08500.HK,HK
港股,08501,庄皇集团公司,08501.HK,HK
港股,08502,远航港口,08502.HK,HK
港股,08507,爱世纪集团,08507.HK,HK
港股,08509,威扬酒业控股,08509.HK,HK
港股,08510,TOPSTANDARDCORP,08510.HK,HK
港股,08511,民富国际,08511.HK,HK
港股,08512,凯富善集团控股,08512.HK,HK
港股,08513,加和国际控股,08513.HK,HK
港股,08516,中盈国际,08516.HK,HK
港股,08519,新享时代,08519.HK,HK
港股,08521,智云国际控股,08521.HK,HK
港股,08525,百应控股,08525.HK,HK
港股,08526,荣丰集团亚洲,08526.HK,HK
港股,08527,聚利宝控股,08527.HK,HK
港股,08529,优博控股,08529.HK,HK
港股,08532,宝发控股(新),08532.HK,HK
港股,08535,荧德控股,08535.HK,HK
港股,08536,TL NATURAL GAS,08536.HK,HK
港股,08537,创辉珠宝,08537.HK,HK
港股,08540,胜利证券,08540.HK,HK
港股,08545,佰悦集团,08545.HK,HK
港股,08547,PACIFIC LEGEND,08547.HK,HK
港股,08549,金叶国际集团,08549.HK,HK
港股,08601,宝燵控股,08601.HK,HK
港股,08603,亮晴控股,08603.HK,HK
港股,08606,倢冠控股,08606.HK,HK
港股,08610,BBSB INTL,08610.HK,HK
港股,08611,九福来,08611.HK,HK
港股,08612,维亮控股,08612.HK,HK
港股,08613,东方支付集团控股,08613.HK,HK
港股,08616,新威工程集团,08616.HK,HK
港股,08619,NIU HOLDINGS,08619.HK,HK
港股,08620,亚洲速运,08620.HK,HK
港股,08621,METROPOLIS CAP,08621.HK,HK
港股,08622,愉悦集团,08622.HK,HK
港股,08623,中国蜀塔,08623.HK,HK
港股,08627,旅橙文化,08627.HK,HK
港股,08629,集信国控,08629.HK,HK
港股,08631,申港控股,08631.HK,HK
港股,08635,大象控股集团,08635.HK,HK
港股,08637,元续科技,08637.HK,HK
港股,08645,比特元宇宙,08645.HK,HK
港股,08646,中国宏光,08646.HK,HK
港股,08657,TRUE PARTNER,08657.HK,HK
港股,08659,易和国际控股,08659.HK,HK
港股,08668,瀛海集团,08668.HK,HK
港股,09600,新纽科技,09600.HK,HK
港股,09606,映恩生物-B,09606.HK,HK
港股,09608,宋都服务,09608.HK,HK
港股,09609,海伟股份,09609.HK,HK
港股,09611,龙旗科技,09611.HK,HK
港股,09616,东软睿新集团,09616.HK,HK
港股,09618,京东集团-SW,09618.HK,HK
港股,09626,哔哩哔哩-W,09626.HK,HK
港股,09633,农夫山泉,09633.HK,HK
港股,09636,九方智投控股,09636.HK,HK
港股,09638,法拉帝,09638.HK,HK
港股,09639,荣利营造,09639.HK,HK
港股,09658,特海国际,09658.HK,HK
港股,09660,地平线机器人-W,09660.HK,HK
港股,09663,国鸿氢能,09663.HK,HK
港股,09668,渤海银行,09668.HK,HK
港股,09669,北森控股,09669.HK,HK
港股,09676,十月稻田,09676.HK,HK
港股,09677,威海银行,09677.HK,HK
港股,09678,云知声,09678.HK,HK
港股,09680,如祺出行,09680.HK,HK
港股,09686,熙康云医院,09686.HK,HK
港股,09688,再鼎医药,09688.HK,HK
港股,09689,金泰丰国际控股,09689.HK,HK
港股,09690,途虎-W,09690.HK,HK
港股,09696,天齐锂业,09696.HK,HK
港股,09698,万国数据-SW,09698.HK,HK
港股,09699,顺丰同城,09699.HK,HK
港股,09857,柠萌影视,09857.HK,HK
港股,09858,优然牧业,09858.HK,HK
港股,09860,艾迪康控股,09860.HK,HK
港股,09863,零跑汽车,09863.HK,HK
港股,09866,蔚来-SW,09866.HK,HK
港股,09868,小鹏汽车-W,09868.HK,HK
港股,09869,海伦司,09869.HK,HK
港股,09876,大洋环球控股,09876.HK,HK
港股,09877,健世科技-B,09877.HK,HK
港股,09878,汇通达网络,09878.HK,HK
港股,09879,米高集团,09879.HK,HK
港股,09880,优必选,09880.HK,HK
港股,09881,容大科技,09881.HK,HK
港股,09882,永联丰控股,09882.HK,HK
港股,09885,药师帮,09885.HK,HK
港股,09886,叮当健康,09886.HK,HK
港股,09887,维立志博-B,09887.HK,HK
港股,09888,百度集团-SW,09888.HK,HK
港股,09889,东莞农商银行,09889.HK,HK
港股,09890,贪玩,09890.HK,HK
港股,09893,比优集团,09893.HK,HK
港股,09896,名创优品,09896.HK,HK
港股,09898,微博-SW,09898.HK,HK
港股,09899,网易云音乐,09899.HK,HK
港股,09900,智云科技建设,09900.HK,HK
港股,09901,新东方-S,09901.HK,HK
港股,09903,天数智芯,09903.HK,HK
港股,09906,宏力医疗管理,09906.HK,HK
港股,09908,嘉兴燃气,09908.HK,HK
港股,09909,宝龙商业,09909.HK,HK
港股,09911,赤子城科技,09911.HK,HK
港股,09913,智勤控股,09913.HK,HK
港股,09916,兴业物联,09916.HK,HK
港股,09918,丽年国际,09918.HK,HK
港股,09919,艾德韦宣集团,09919.HK,HK
港股,09922,九毛九,09922.HK,HK
港股,09923,移卡,09923.HK,HK
港股,09926,康方生物,09926.HK,HK
港股,09927,赛力斯,09927.HK,HK
港股,09928,时代邻里,09928.HK,HK
港股,09929,澳达控股,09929.HK,HK
港股,09930,宏信建发,09930.HK,HK
港股,09933,GHW INTL,09933.HK,HK
港股,09936,稀美资源,09936.HK,HK
港股,09938,华和控股,09938.HK,HK
港股,09939,开拓药业-B,09939.HK,HK
港股,09955,智云健康,09955.HK,HK
港股,09958,力天影业,09958.HK,HK
港股,09959,联易融科技-W,09959.HK,HK
港股,09960,康圣环球,09960.HK,HK
港股,09961,携程集团-S,09961.HK,HK
港股,09963,高科桥,09963.HK,HK
港股,09966,康宁杰瑞制药-B,09966.HK,HK
港股,09968,汇景控股,09968.HK,HK
港股,09969,诺诚健华,09969.HK,HK
港股,09973,奇瑞汽车,09973.HK,HK
港股,09978,方圆生活服务,09978.HK,HK
港股,09979,绿城管理控股,09979.HK,HK
港股,09980,东鹏饮料,09980.HK,HK
港股,09981,沃尔核材,09981.HK,HK
港股,09982,中原建业,09982.HK,HK
港股,09983,建业新生活,09983.HK,HK
港股,09985,卫龙美味,09985.HK,HK
港股,09986,大山教育,09986.HK,HK
港股,09987,百胜中国,09987.HK,HK
港股,09988,阿里巴巴-W,09988.HK,HK
港股,09989,海普瑞,09989.HK,HK
港股,09990,祖龙娱乐,09990.HK,HK
港股,09991,宝尊电商-W,09991.HK,HK
港股,09992,泡泡玛特,09992.HK,HK
港股,09993,金辉控股,09993.HK,HK
港股,09995,荣昌生物,09995.HK,HK
港股,09996,沛嘉医疗-B,09996.HK,HK
港股,09998,光荣控股,09998.HK,HK
港股,09999,网易-S,09999.HK,HK
港股,80016,新鸿基地产-R,80016.HK,HK
港股,80020,商汤-WR,80020.HK,HK
港股,80175,吉利汽车-R,80175.HK,HK
港股,80291,华润啤酒-R,80291.HK,HK
港股,80388,香港交易所-R,80388.HK,HK
港股,80700,腾讯控股-R,80700.HK,HK
港股,80737,湾区发展-R,80737.HK,HK
港股,80883,中国海洋石油-R,80883.HK,HK
港股,80941,中国移动-R,80941.HK,HK
港股,80992,联想集团-R,80992.HK,HK
港股,81024,快手-WR,81024.HK,HK
港股,81211,比亚迪股份-R,81211.HK,HK
港股,81299,友邦保险-R,81299.HK,HK
港股,81810,小米集团-WR,81810.HK,HK
港股,82020,安踏体育-R,82020.HK,HK
港股,82318,中国平安-R,82318.HK,HK
港股,82331,李宁-R,82331.HK,HK
港股,82333,长城汽车-R,82333.HK,HK
港股,82388,中银香港-R,82388.HK,HK
港股,83690,美团-WR,83690.HK,HK
港股,86618,京东健康-R,86618.HK,HK
港股,89618,京东集团-SWR,89618.HK,HK
港股,89888,百度集团-SWR,89888.HK,HK
港股,89988,阿里巴巴-WR,89988.HK,HK
